Column,index-entry-number,entry-number,entry-timestamp,key,local-authority-eng,local-authority-type,name,label,official-name,start-date,end-date,status,resourceUri,type,slug
1,387,387,2018-10-10T09:09:57Z,BPC,BPC,UA,"Bournemouth, Christchurch and Poole","Bournemouth, Christchurch and Poole","Bournemouth, Christchurch and Poole Council",2019-04-01,,Active,<http://opendatacommunities.org/id/unitary-authority/bournemouth-christchurch-and-poole>,<http://opendatacommunities.org/def/local-government/UnitaryAuthority>,bournemouth-christchurch-and-poole
2,386,386,2018-10-09T14:07:04Z,DST,DST,UA,Dorset Council,Dorset Council,Dorset Council,2019-04-01,,Active,<http://opendatacommunities.org/id/unitary-authority/dorset>,<http://opendatacommunities.org/def/local-government/UnitaryAuthority>,dorset
3,384,384,2018-10-09T14:05:00Z,SWT,SWT,NMD,Somerset West and Taunton,Somerset West and Taunton,Somerset West and Taunton Council,2019-04-01,,Active,<http://opendatacommunities.org/id/district-council/somerset-west-and-taunton>,<http://opendatacommunities.org/def/local-government/DistrictCouncil>,somerset-west-and-taunton
4,383,383,2018-10-09T14:03:52Z,WSK,WSK,NMD,West Suffolk,West Suffolk,West Suffolk Council,2019-04-01,,Active,<http://opendatacommunities.org/id/district-council/west-suffolk>,<http://opendatacommunities.org/def/local-government/DistrictCouncil>,west-suffolk
5,382,382,2018-10-09T14:02:55Z,ESK,ESK,NMD,East Suffolk,East Suffolk,East Suffolk Council,2019-04-01,,Active,<http://opendatacommunities.org/id/district-council/east-suffolk>,<http://opendatacommunities.org/def/local-government/DistrictCouncil>,east-suffolk
6,381,381,2018-10-09T14:00:14Z,WEY,WEY,NMD,Weymouth and Portland,Weymouth and Portland,Weymouth and Portland Borough Council,,2019-03-31,Terminated,<http://opendatacommunities.org/id/district-council/weymouth-and-portland>,<http://opendatacommunities.org/def/local-government/DistrictCouncil>,weymouth-and-portland
7,380,380,2018-10-09T13:59:59Z,WDO,WDO,NMD,West Dorset,West Dorset,West Dorset District Council,,2019-03-31,Terminated,<http://opendatacommunities.org/id/district-council/west-dorset>,<http://opendatacommunities.org/def/local-government/DistrictCouncil>,west-dorset
8,379,379,2018-10-09T13:59:39Z,PUR,PUR,NMD,Purbeck,Purbeck,Purbeck District Council,,2019-03-31,Terminated,<http://opendatacommunities.org/id/district-council/purbeck>,<http://opendatacommunities.org/def/local-government/DistrictCouncil>,purbeck
9,378,378,2018-10-09T13:58:58Z,NDO,NDO,NMD,North Dorset,North Dorset,North Dorset District Council,,2019-03-31,Terminated,<http://opendatacommunities.org/id/district-council/north-dorset>,<http://opendatacommunities.org/def/local-government/DistrictCouncil>,north-dorset
10,377,377,2018-10-09T13:58:34Z,EDO,EDO,NMD,East Dorset,East Dorset,East Dorset District Council,,2019-03-31,Terminated,<http://opendatacommunities.org/id/district-council/east-dorset>,<http://opendatacommunities.org/def/local-government/DistrictCouncil>,east-dorset
11,376,376,2018-10-09T13:58:14Z,DOR,DOR,CTY,Dorset,Dorset,Dorset County Council,,2019-03-31,Terminated,<http://opendatacommunities.org/id/county-council/dorset>,<http://opendatacommunities.org/def/local-government/CountyCouncil>,dorset
12,375,375,2018-10-09T13:57:48Z,CHC,CHC,NMD,Christchurch,Christchurch,Christchurch Borough Council,,2019-03-31,Terminated,<http://opendatacommunities.org/id/district-council/christchurch>,<http://opendatacommunities.org/def/local-government/DistrictCouncil>,christchurch
13,374,374,2018-10-09T13:57:29Z,POL,POL,UA,Poole,Poole,Borough of Poole,1997-04-01,2019-03-31,Terminated,<http://opendatacommunities.org/id/unitary-authority/poole>,<http://opendatacommunities.org/def/local-government/UnitaryAuthority>,poole
14,373,373,2018-10-09T13:57:11Z,BMH,BMH,UA,Bournemouth,Bournemouth,Bournemouth Borough Council,1905-06-19,2019-03-31,Terminated,<http://opendatacommunities.org/id/unitary-authority/bournemouth>,<http://opendatacommunities.org/def/local-government/UnitaryAuthority>,bournemouth
15,372,372,2018-10-09T13:56:47Z,SED,SED,NMD,St Edmundsbury,St Edmundsbury,St Edmundsbury Borough Council,,2019-03-31,Terminated,<http://opendatacommunities.org/id/district-council/st-edmundsbury>,<http://opendatacommunities.org/def/local-government/DistrictCouncil>,st-edmundsbury
16,371,371,2018-10-09T13:56:31Z,FOR,FOR,NMD,Forest Heath,Forest Heath,Forest Heath District Council,,2019-03-31,Terminated,<http://opendatacommunities.org/id/district-council/forest-heath>,<http://opendatacommunities.org/def/local-government/DistrictCouncil>,forest-heath
17,370,370,2018-10-09T13:55:00Z,WSO,WSO,NMD,West Somerset,West Somerset,West Somerset District Council,,2019-03-31,Terminated,<http://opendatacommunities.org/id/district-council/west-somerset>,<http://opendatacommunities.org/def/local-government/DistrictCouncil>,west-somerset
18,369,369,2018-10-09T13:54:36Z,TAU,TAU,NMD,Taunton Deane,Taunton Deane,Taunton Deane Borough Council,,2019-03-31,Terminated,<http://opendatacommunities.org/id/district-council/taunton-deane>,<http://opendatacommunities.org/def/local-government/DistrictCouncil>,taunton-deane
19,368,368,2018-10-09T13:54:14Z,WAV,WAV,NMD,Waveney,Waveney,Waveney District Council,,2019-03-31,Terminated,<http://opendatacommunities.org/id/district-council/waveney>,<http://opendatacommunities.org/def/local-government/DistrictCouncil>,waveney
20,367,367,2018-10-09T13:53:57Z,SUF,SUF,NMD,Suffolk Coastal,Suffolk Coastal,Suffolk Coastal District Council,,2019-03-31,Terminated,<http://opendatacommunities.org/id/district-council/suffolk-coastal>,<http://opendatacommunities.org/def/local-government/DistrictCouncil>,suffolk-coastal
21,366,366,2018-10-09T13:52:40Z,TVCA,TVCA,COMB,Tees Valley Combined Authority,Tees Valley Combined Authority,Tees Valley Combined Authority,2014-04-01,,Active,,,tees-valley-combined-authority
22,365,365,2018-10-09T13:52:06Z,CPCA,CPCA,COMB,Cambridgeshire and Peterborough Combined Authority,Cambridgeshire and Peterborough Combined Authority,Cambridgeshire and Peterborough Combined Authority,2014-04-01,,Active,,,cambridgeshire-and-peterborough-combined-authority
23,364,364,2018-10-09T13:51:05Z,WMCA,WMCA,COMB,West Midlands Combined Authority,West Midlands Combined Authority,West Midlands Combined Authority,2014-04-01,,Active,,,west-midlands-combined-authority
24,363,363,2018-10-09T13:50:29Z,GMCA,GMCA,COMB,Greater Manchester Combined Authority,Greater Manchester Combined Authority,Greater Manchester Combined Authority,2014-04-01,,Active,,,greater-manchester-combined-authority
25,362,362,2018-10-09T13:49:47Z,WECA,WECA,COMB,West of England Combined Authority,West of England Combined Authority,West of England Combined Authority,2014-04-01,,Active,,,west-of-england-combined-authority
26,361,361,2018-10-09T13:49:00Z,SCR,SCR,COMB,Sheffield City Region,Sheffield City Region,Sheffield City Region,2014-04-01,,Active,,,sheffield-city-region
27,360,360,2018-10-09T13:48:27Z,LCR,LCR,COMB,Liverpool City Region,Liverpool City Region,Liverpool City Region,2014-04-01,,Active,,,liverpool-city-region
28,359,359,2018-04-05T09:59:35Z,SHE,SHE,NMD,Folkestone & Hythe,Folkestone & Hythe,Folkestone and Hythe Council,,,Active,<http://opendatacommunities.org/id/district-council/shepway>,<http://opendatacommunities.org/def/local-government/DistrictCouncil>,shepway
29,358,358,2017-07-04T10:55:43Z,BIR,BIR,MD,Birmingham,Birmingham,Birmingham City Council,1986-07-01,,Active,<http://opendatacommunities.org/id/metropolitan-district-council/birmingham>,<http://opendatacommunities.org/def/local-government/MetropolitanDistrictCouncil>,birmingham
30,357,357,2017-01-26T12:34:10Z,KIN,KIN,NMD,King's Lynn and West Norfolk,King's Lynn and West Norfolk,Borough Council of King's Lynn and West Norfolk,,,Active,<http://opendatacommunities.org/id/district-council/west-norfolk>,<http://opendatacommunities.org/def/local-government/DistrictCouncil>,kings-lynn-and-west-norfolk
31,356,356,2016-11-01T14:16:54Z,GLA,GLA,SRA,Greater London,Greater London,Greater London Authority,1905-06-22,,Active,,,greater-london
32,355,355,2016-10-31T12:59:03Z,LND,LND,CC,City of London,City of London,City of London Corporation,1905-06-28,,Active,<http://opendatacommunities.org/id/london-borough-council/city-of-london>,<http://opendatacommunities.org/def/local-government/LondonBoroughCouncil>,city-of-london
33,354,354,2016-10-21T16:11:20Z,WOT,WOT,NMD,Worthing,Worthing,Worthing Borough Council,1905-06-25,,Active,<http://opendatacommunities.org/id/district-council/worthing>,<http://opendatacommunities.org/def/local-government/DistrictCouncil>,worthing
34,353,353,2016-10-21T16:11:20Z,MSS,MSS,NMD,Mid Sussex,Mid Sussex,Mid Sussex District Council,1974-04-01,,Active,<http://opendatacommunities.org/id/district-council/mid-sussex>,<http://opendatacommunities.org/def/local-government/DistrictCouncil>,mid-sussex
35,352,352,2016-10-21T16:11:20Z,HOR,HOR,NMD,Horsham,Horsham,Horsham District Council,1974-04-01,,Active,<http://opendatacommunities.org/id/district-council/horsham>,<http://opendatacommunities.org/def/local-government/DistrictCouncil>,horsham
36,351,351,2016-10-21T16:11:20Z,CRW,CRW,NMD,Crawley,Crawley,Crawley Borough Council,1974-04-01,,Active,<http://opendatacommunities.org/id/district-council/crawley>,<http://opendatacommunities.org/def/local-government/DistrictCouncil>,crawley
37,350,350,2016-10-21T16:11:20Z,CHI,CHI,NMD,Chichester,Chichester,Chichester District Council,1974-04-01,,Active,<http://opendatacommunities.org/id/district-council/chichester>,<http://opendatacommunities.org/def/local-government/DistrictCouncil>,chichester
38,349,349,2016-10-21T16:11:20Z,ARU,ARU,NMD,Arun,Arun,Arun District Council,,,Active,<http://opendatacommunities.org/id/district-council/arun>,<http://opendatacommunities.org/def/local-government/DistrictCouncil>,arun
39,348,348,2016-10-21T16:11:20Z,ADU,ADU,NMD,Adur,Adur,Adur District Council,,,Active,<http://opendatacommunities.org/id/district-council/adur>,<http://opendatacommunities.org/def/local-government/DistrictCouncil>,adur
40,347,347,2016-10-21T16:11:20Z,WSX,WSX,CTY,West Sussex,West Sussex,West Sussex County Council,,,Active,<http://opendatacommunities.org/id/county-council/west-sussex>,<http://opendatacommunities.org/def/local-government/CountyCouncil>,west-sussex
41,346,346,2016-10-21T16:11:20Z,WYE,WYE,NMD,Wyre Forest,Wyre Forest,Wyre Forest District Council,,,Active,<http://opendatacommunities.org/id/district-council/wyre-forest>,<http://opendatacommunities.org/def/local-government/DistrictCouncil>,wyre-forest
42,345,345,2016-10-21T16:11:20Z,WYC,WYC,NMD,Wychavon,Wychavon,Wychavon District Council,,,Active,<http://opendatacommunities.org/id/district-council/wychavon>,<http://opendatacommunities.org/def/local-government/DistrictCouncil>,wychavon
43,344,344,2016-10-21T16:11:20Z,WOC,WOC,NMD,Worcester,Worcester,Worcester City Council,,,Active,<http://opendatacommunities.org/id/district-council/worcester>,<http://opendatacommunities.org/def/local-government/DistrictCouncil>,worcester
44,343,343,2016-10-21T16:11:20Z,RED,RED,NMD,Redditch,Redditch,Redditch Borough Council,,,Active,<http://opendatacommunities.org/id/district-council/redditch>,<http://opendatacommunities.org/def/local-government/DistrictCouncil>,redditch
45,342,342,2016-10-21T16:11:20Z,MAV,MAV,NMD,Malvern Hills,Malvern Hills,Malvern Hills District Council,,,Active,<http://opendatacommunities.org/id/district-council/malvern-hills>,<http://opendatacommunities.org/def/local-government/DistrictCouncil>,malvern-hills
46,341,341,2016-10-21T16:11:20Z,BRM,BRM,NMD,Bromsgrove,Bromsgrove,Bromsgrove District Council,,,Active,<http://opendatacommunities.org/id/district-council/bromsgrove>,<http://opendatacommunities.org/def/local-government/DistrictCouncil>,bromsgrove
47,340,340,2016-10-21T16:11:20Z,WOR,WOR,CTY,Worcestershire,Worcestershire,Worcestershire County Council,,,Active,<http://opendatacommunities.org/id/county-council/worcestershire>,<http://opendatacommunities.org/def/local-government/CountyCouncil>,worcestershire
48,339,339,2016-10-21T16:11:20Z,WAW,WAW,NMD,Warwick,Warwick,Warwick District Council,,,Active,<http://opendatacommunities.org/id/district-council/warwick>,<http://opendatacommunities.org/def/local-government/DistrictCouncil>,warwick
49,338,338,2016-10-21T16:11:20Z,STR,STR,NMD,Stratford-on-Avon,Stratford-on-Avon,Stratford-on-Avon District Council,,,Active,<http://opendatacommunities.org/id/district-council/stratford>,<http://opendatacommunities.org/def/local-government/DistrictCouncil>,stratford-on-avon
50,337,337,2016-10-21T16:11:20Z,RUG,RUG,NMD,Rugby,Rugby,Rugby Borough Council,,,Active,<http://opendatacommunities.org/id/district-council/rugby>,<http://opendatacommunities.org/def/local-government/DistrictCouncil>,rugby
51,336,336,2016-10-21T16:11:20Z,NUN,NUN,NMD,Nuneaton and Bedworth,Nuneaton and Bedworth,Nuneaton and Bedworth Borough Council,,,Active,<http://opendatacommunities.org/id/district-council/nuneaton-and-bedworth>,<http://opendatacommunities.org/def/local-government/DistrictCouncil>,nuneaton-and-bedworth
52,335,335,2016-10-21T16:11:20Z,NWA,NWA,NMD,North Warwickshire,North Warwickshire,North Warwickshire Borough Council,,,Active,<http://opendatacommunities.org/id/district-council/north-warwickshire>,<http://opendatacommunities.org/def/local-government/DistrictCouncil>,north-warwickshire
53,334,334,2016-10-21T16:11:20Z,WAR,WAR,CTY,Warwickshire,Warwickshire,Warwickshire County Council,,,Active,<http://opendatacommunities.org/id/county-council/warwickshire>,<http://opendatacommunities.org/def/local-government/CountyCouncil>,warwickshire
54,333,333,2016-10-21T16:11:20Z,TAW,TAW,NMD,Tamworth,Tamworth,Tamworth Borough Council,,,Active,<http://opendatacommunities.org/id/district-council/tamworth>,<http://opendatacommunities.org/def/local-government/DistrictCouncil>,tamworth
55,332,332,2016-10-21T16:11:20Z,STF,STF,NMD,Staffordshire Moorlands,Staffordshire Moorlands,Staffordshire Moorlands District Council,,,Active,<http://opendatacommunities.org/id/district-council/staffordshire-moorlands>,<http://opendatacommunities.org/def/local-government/DistrictCouncil>,staffordshire-moorlands
56,331,331,2016-10-21T16:11:20Z,STA,STA,NMD,Stafford,Stafford,Stafford Borough Council,,,Active,<http://opendatacommunities.org/id/district-council/stafford>,<http://opendatacommunities.org/def/local-government/DistrictCouncil>,stafford
57,330,330,2016-10-21T16:11:20Z,SST,SST,NMD,South Staffordshire,South Staffordshire,South Staffordshire Council,,,Active,<http://opendatacommunities.org/id/district-council/south-staffordshire>,<http://opendatacommunities.org/def/local-government/DistrictCouncil>,south-staffordshire
58,329,329,2016-10-21T16:11:20Z,NEC,NEC,NMD,Newcastle-under-Lyme,Newcastle-under-Lyme,Newcastle-under-Lyme Borough Council,,,Active,<http://opendatacommunities.org/id/district-council/newcastle-staffs>,<http://opendatacommunities.org/def/local-government/DistrictCouncil>,newcastle-under-lyme
59,328,328,2016-10-21T16:11:20Z,LIF,LIF,NMD,Lichfield,Lichfield,Lichfield District Council,,,Active,<http://opendatacommunities.org/id/district-council/lichfield>,<http://opendatacommunities.org/def/local-government/DistrictCouncil>,lichfield
60,327,327,2016-10-21T16:11:20Z,EST,EST,NMD,East Staffordshire,East Staffordshire,East Staffordshire Borough Council,,,Active,<http://opendatacommunities.org/id/district-council/east-staffordshire>,<http://opendatacommunities.org/def/local-government/DistrictCouncil>,east-staffordshire
61,326,326,2016-10-21T16:11:20Z,CAN,CAN,NMD,Cannock Chase,Cannock Chase,Cannock Chase District Council,,,Active,<http://opendatacommunities.org/id/district-council/cannock-chase>,<http://opendatacommunities.org/def/local-government/DistrictCouncil>,cannock-chase
62,325,325,2016-10-21T16:11:20Z,STS,STS,CTY,Staffordshire,Staffordshire,Staffordshire County Council,,,Active,<http://opendatacommunities.org/id/county-council/staffordshire>,<http://opendatacommunities.org/def/local-government/CountyCouncil>,staffordshire
63,324,324,2016-10-21T16:11:20Z,WOI,WOI,NMD,Woking,Woking,Woking Borough Council,,,Active,<http://opendatacommunities.org/id/district-council/woking>,<http://opendatacommunities.org/def/local-government/DistrictCouncil>,woking
64,323,323,2016-10-21T16:11:20Z,WAE,WAE,NMD,Waverley,Waverley,Waverley Borough Council,,,Active,<http://opendatacommunities.org/id/district-council/waverley>,<http://opendatacommunities.org/def/local-government/DistrictCouncil>,waverley
65,322,322,2016-10-21T16:11:20Z,TAN,TAN,NMD,Tandridge,Tandridge,Tandridge District Council,,,Active,<http://opendatacommunities.org/id/district-council/tandridge>,<http://opendatacommunities.org/def/local-government/DistrictCouncil>,tandridge
66,321,321,2016-10-21T16:11:20Z,SUR,SUR,NMD,Surrey Heath,Surrey Heath,Surrey Heath Borough Council,,,Active,<http://opendatacommunities.org/id/district-council/surrey-heath>,<http://opendatacommunities.org/def/local-government/DistrictCouncil>,surrey-heath
67,320,320,2016-10-21T16:11:20Z,SPE,SPE,NMD,Spelthorne,Spelthorne,Spelthorne Borough Council,,,Active,<http://opendatacommunities.org/id/district-council/spelthorne>,<http://opendatacommunities.org/def/local-government/DistrictCouncil>,spelthorne
68,319,319,2016-10-21T16:11:20Z,RUN,RUN,NMD,Runnymede,Runnymede,Runnymede Borough Council,,,Active,<http://opendatacommunities.org/id/district-council/runnymede>,<http://opendatacommunities.org/def/local-government/DistrictCouncil>,runnymede
69,318,318,2016-10-21T16:11:20Z,REI,REI,NMD,Reigate and Banstead,Reigate and Banstead,Reigate and Banstead Borough Council,,,Active,<http://opendatacommunities.org/id/district-council/reigate-banstead>,<http://opendatacommunities.org/def/local-government/DistrictCouncil>,reigate-and-banstead
70,317,317,2016-10-21T16:11:20Z,MOL,MOL,NMD,Mole Valley,Mole Valley,Mole Valley District Council,,,Active,<http://opendatacommunities.org/id/district-council/mole-valley>,<http://opendatacommunities.org/def/local-government/DistrictCouncil>,mole-valley
71,316,316,2016-10-21T16:11:20Z,GRT,GRT,NMD,Guildford,Guildford,Guildford Borough Council,,,Active,<http://opendatacommunities.org/id/district-council/guildford>,<http://opendatacommunities.org/def/local-government/DistrictCouncil>,guildford
72,315,315,2016-10-21T16:11:20Z,EPS,EPS,NMD,Epsom and Ewell,Epsom and Ewell,Epsom and Ewell Borough Council,,,Active,<http://opendatacommunities.org/id/district-council/epsom-and-ewell>,<http://opendatacommunities.org/def/local-government/DistrictCouncil>,epsom-and-ewell
73,314,314,2016-10-21T16:11:20Z,ELM,ELM,NMD,Elmbridge,Elmbridge,Elmbridge Borough Council,,,Active,<http://opendatacommunities.org/id/district-council/elmbridge>,<http://opendatacommunities.org/def/local-government/DistrictCouncil>,elmbridge
74,313,313,2016-10-21T16:11:20Z,SRY,SRY,CTY,Surrey,Surrey,Surrey County Council,,,Active,<http://opendatacommunities.org/id/county-council/surrey>,<http://opendatacommunities.org/def/local-government/CountyCouncil>,surrey
75,310,310,2016-10-21T16:11:20Z,SSO,SSO,NMD,South Somerset,South Somerset,South Somerset District Council,,,Active,<http://opendatacommunities.org/id/district-council/south-somerset>,<http://opendatacommunities.org/def/local-government/DistrictCouncil>,south-somerset
76,309,309,2016-10-21T16:11:20Z,SEG,SEG,NMD,Sedgemoor,Sedgemoor,Sedgemoor District Council,,,Active,<http://opendatacommunities.org/id/district-council/sedgemoor>,<http://opendatacommunities.org/def/local-government/DistrictCouncil>,sedgemoor
77,308,308,2016-10-21T16:11:20Z,MEN,MEN,NMD,Mendip,Mendip,Mendip District Council,,,Active,<http://opendatacommunities.org/id/district-council/mendip>,<http://opendatacommunities.org/def/local-government/DistrictCouncil>,mendip
78,307,307,2016-10-21T16:11:20Z,SOM,SOM,CTY,Somerset,Somerset,Somerset County Council,,,Active,<http://opendatacommunities.org/id/county-council/somerset>,<http://opendatacommunities.org/def/local-government/CountyCouncil>,somerset
79,303,303,2016-10-21T16:11:20Z,MSU,MSU,NMD,Mid Suffolk,Mid Suffolk,Mid Suffolk District Council,,,Active,<http://opendatacommunities.org/id/district-council/mid-suffolk>,<http://opendatacommunities.org/def/local-government/DistrictCouncil>,mid-suffolk
80,302,302,2016-10-21T16:11:20Z,IPS,IPS,NMD,Ipswich,Ipswich,Ipswich Borough Council,,,Active,<http://opendatacommunities.org/id/district-council/ipswich>,<http://opendatacommunities.org/def/local-government/DistrictCouncil>,ipswich
81,300,300,2016-10-21T16:11:20Z,BAB,BAB,NMD,Babergh,Babergh,Babergh District Council,,,Active,<http://opendatacommunities.org/id/district-council/babergh>,<http://opendatacommunities.org/def/local-government/DistrictCouncil>,babergh
82,299,299,2016-10-21T16:11:20Z,SFK,SFK,CTY,Suffolk,Suffolk,Suffolk County Council,,,Active,<http://opendatacommunities.org/id/county-council/suffolk>,<http://opendatacommunities.org/def/local-government/CountyCouncil>,suffolk
83,298,298,2016-10-21T16:11:20Z,WOX,WOX,NMD,West Oxfordshire,West Oxfordshire,West Oxfordshire District Council,,,Active,<http://opendatacommunities.org/id/district-council/west-oxfordshire>,<http://opendatacommunities.org/def/local-government/DistrictCouncil>,west-oxfordshire
84,297,297,2016-10-21T16:11:20Z,VAL,VAL,NMD,Vale of White Horse,Vale of White Horse,Vale of White Horse District Council,,,Active,<http://opendatacommunities.org/id/district-council/vale-of-white-horse>,<http://opendatacommunities.org/def/local-government/DistrictCouncil>,vale-of-white-horse
85,296,296,2016-10-21T16:11:20Z,SOX,SOX,NMD,South Oxfordshire,South Oxfordshire,South Oxfordshire District Council,,,Active,<http://opendatacommunities.org/id/district-council/south-oxfordshire>,<http://opendatacommunities.org/def/local-government/DistrictCouncil>,south-oxfordshire
86,295,295,2016-10-21T16:11:20Z,OXO,OXO,NMD,Oxford,Oxford,Oxford City Council,,,Active,<http://opendatacommunities.org/id/district-council/oxford>,<http://opendatacommunities.org/def/local-government/DistrictCouncil>,oxford
87,294,294,2016-10-21T16:11:20Z,CHR,CHR,NMD,Cherwell,Cherwell,Cherwell District Council,,,Active,<http://opendatacommunities.org/id/district-council/cherwell>,<http://opendatacommunities.org/def/local-government/DistrictCouncil>,cherwell
88,293,293,2016-10-21T16:11:20Z,OXF,OXF,CTY,Oxfordshire,Oxfordshire,Oxfordshire County Council,,,Active,<http://opendatacommunities.org/id/county-council/oxfordshire>,<http://opendatacommunities.org/def/local-government/CountyCouncil>,oxfordshire
89,292,292,2016-10-21T16:11:20Z,SEL,SEL,NMD,Selby,Selby,Selby District Council,,,Active,<http://opendatacommunities.org/id/district-council/selby>,<http://opendatacommunities.org/def/local-government/DistrictCouncil>,selby
90,291,291,2016-10-21T16:11:20Z,SCE,SCE,NMD,Scarborough,Scarborough,Scarborough Borough Council,,,Active,<http://opendatacommunities.org/id/district-council/scarborough>,<http://opendatacommunities.org/def/local-government/DistrictCouncil>,scarborough
91,290,290,2016-10-21T16:11:20Z,RYE,RYE,NMD,Ryedale,Ryedale,Ryedale District Council,,,Active,<http://opendatacommunities.org/id/district-council/ryedale>,<http://opendatacommunities.org/def/local-government/DistrictCouncil>,ryedale
92,289,289,2016-10-21T16:11:20Z,RIH,RIH,NMD,Richmondshire,Richmondshire,Richmondshire District Council,,,Active,<http://opendatacommunities.org/id/district-council/richmondshire>,<http://opendatacommunities.org/def/local-government/DistrictCouncil>,richmondshire
93,288,288,2016-10-21T16:11:20Z,HAG,HAG,NMD,Harrogate,Harrogate,Harrogate Borough Council,,,Active,<http://opendatacommunities.org/id/district-council/harrogate>,<http://opendatacommunities.org/def/local-government/DistrictCouncil>,harrogate
94,287,287,2016-10-21T16:11:20Z,HAE,HAE,NMD,Hambleton,Hambleton,Hambleton District Council,,,Active,<http://opendatacommunities.org/id/district-council/hambleton>,<http://opendatacommunities.org/def/local-government/DistrictCouncil>,hambleton
95,286,286,2016-10-21T16:11:20Z,CRA,CRA,NMD,Craven,Craven,Craven District Council,,,Active,<http://opendatacommunities.org/id/district-council/craven>,<http://opendatacommunities.org/def/local-government/DistrictCouncil>,craven
96,285,285,2016-10-21T16:11:20Z,NYK,NYK,CTY,North Yorkshire,North Yorkshire,North Yorkshire County Council,,,Active,<http://opendatacommunities.org/id/county-council/north-yorkshire>,<http://opendatacommunities.org/def/local-government/CountyCouncil>,north-yorkshire
97,284,284,2016-10-21T16:11:20Z,RUS,RUS,NMD,Rushcliffe,Rushcliffe,Rushcliffe Borough Council,,,Active,<http://opendatacommunities.org/id/district-council/rushcliffe>,<http://opendatacommunities.org/def/local-government/DistrictCouncil>,rushcliffe
98,283,283,2016-10-21T16:11:20Z,NEA,NEA,NMD,Newark and Sherwood,Newark and Sherwood,Newark and Sherwood District Council,,,Active,<http://opendatacommunities.org/id/district-council/newark-and-sherwood>,<http://opendatacommunities.org/def/local-government/DistrictCouncil>,newark-and-sherwood
99,282,282,2016-10-21T16:11:20Z,MAS,MAS,NMD,Mansfield,Mansfield,Mansfield District Council,,,Active,<http://opendatacommunities.org/id/district-council/mansfield>,<http://opendatacommunities.org/def/local-government/DistrictCouncil>,mansfield
100,281,281,2016-10-21T16:11:20Z,GED,GED,NMD,Gedling,Gedling,Gedling Borough Council,,,Active,<http://opendatacommunities.org/id/district-council/gedling>,<http://opendatacommunities.org/def/local-government/DistrictCouncil>,gedling
101,280,280,2016-10-21T16:11:20Z,BRT,BRT,NMD,Broxtowe,Broxtowe,Broxtowe Borough Council,,,Active,<http://opendatacommunities.org/id/district-council/broxtowe>,<http://opendatacommunities.org/def/local-government/DistrictCouncil>,broxtowe
102,279,279,2016-10-21T16:11:20Z,BAE,BAE,NMD,Bassetlaw,Bassetlaw,Bassetlaw District Council,,,Active,<http://opendatacommunities.org/id/district-council/bassetlaw>,<http://opendatacommunities.org/def/local-government/DistrictCouncil>,bassetlaw
103,278,278,2016-10-21T16:11:20Z,ASH,ASH,NMD,Ashfield,Ashfield,Ashfield District Council,,,Active,<http://opendatacommunities.org/id/district-council/ashfield>,<http://opendatacommunities.org/def/local-government/DistrictCouncil>,ashfield
104,277,277,2016-10-21T16:11:20Z,NTT,NTT,CTY,Nottinghamshire,Nottinghamshire,Nottinghamshire County Council,,,Active,<http://opendatacommunities.org/id/county-council/nottinghamshire>,<http://opendatacommunities.org/def/local-government/CountyCouncil>,nottinghamshire
105,276,276,2016-10-21T16:11:20Z,WEL,WEL,NMD,Wellingborough,Wellingborough,Wellingborough Borough Council,,,Active,<http://opendatacommunities.org/id/district-council/wellingborough>,<http://opendatacommunities.org/def/local-government/DistrictCouncil>,wellingborough
106,275,275,2016-10-21T16:11:20Z,SNR,SNR,NMD,South Northamptonshire,South Northamptonshire,South Northamptonshire Council,,,Active,<http://opendatacommunities.org/id/district-council/south-northamptonshire>,<http://opendatacommunities.org/def/local-government/DistrictCouncil>,south-northamptonshire
107,274,274,2016-10-21T16:11:20Z,NOR,NOR,NMD,Northampton,Northampton,Northampton Borough Council,,,Active,<http://opendatacommunities.org/id/district-council/northampton>,<http://opendatacommunities.org/def/local-government/DistrictCouncil>,northampton
108,273,273,2016-10-21T16:11:20Z,KET,KET,NMD,Kettering,Kettering,Kettering Borough Council,,,Active,<http://opendatacommunities.org/id/district-council/kettering>,<http://opendatacommunities.org/def/local-government/DistrictCouncil>,kettering
109,272,272,2016-10-21T16:11:20Z,ENO,ENO,NMD,East Northamptonshire,East Northamptonshire,East Northamptonshire Council,,,Active,<http://opendatacommunities.org/id/district-council/east-northamptonshire>,<http://opendatacommunities.org/def/local-government/DistrictCouncil>,east-northamptonshire
110,271,271,2016-10-21T16:11:20Z,DAV,DAV,NMD,Daventry,Daventry,Daventry District Council,,,Active,<http://opendatacommunities.org/id/district-council/daventry>,<http://opendatacommunities.org/def/local-government/DistrictCouncil>,daventry
111,270,270,2016-10-21T16:11:20Z,COR,COR,NMD,Corby,Corby,Corby Borough Council,,,Active,<http://opendatacommunities.org/id/district-council/corby>,<http://opendatacommunities.org/def/local-government/DistrictCouncil>,corby
112,269,269,2016-10-21T16:11:20Z,NTH,NTH,CTY,Northamptonshire,Northamptonshire,Northamptonshire County Council,,,Active,<http://opendatacommunities.org/id/county-council/northamptonshire>,<http://opendatacommunities.org/def/local-government/CountyCouncil>,northamptonshire
113,268,268,2016-10-21T16:11:20Z,SNO,SNO,NMD,South Norfolk,South Norfolk,South Norfolk District Council,,,Active,<http://opendatacommunities.org/id/district-council/south-norfolk>,<http://opendatacommunities.org/def/local-government/DistrictCouncil>,south-norfolk
114,267,267,2016-10-21T16:11:20Z,NOW,NOW,NMD,Norwich,Norwich,Norwich City Council,,,Active,<http://opendatacommunities.org/id/district-council/norwich>,<http://opendatacommunities.org/def/local-government/DistrictCouncil>,norwich
115,266,266,2016-10-21T16:11:20Z,NNO,NNO,NMD,North Norfolk,North Norfolk,North Norfolk District Council,,,Active,<http://opendatacommunities.org/id/district-council/north-norfolk>,<http://opendatacommunities.org/def/local-government/DistrictCouncil>,north-norfolk
116,264,264,2016-10-21T16:11:20Z,GRY,GRY,NMD,Great Yarmouth,Great Yarmouth,Great Yarmouth Borough Council,,,Active,<http://opendatacommunities.org/id/district-council/great-yarmouth>,<http://opendatacommunities.org/def/local-government/DistrictCouncil>,great-yarmouth
117,263,263,2016-10-21T16:11:20Z,BRO,BRO,NMD,Broadland,Broadland,Broadland District Council,,,Active,<http://opendatacommunities.org/id/district-council/broadland>,<http://opendatacommunities.org/def/local-government/DistrictCouncil>,broadland
118,262,262,2016-10-21T16:11:20Z,BRE,BRE,NMD,Breckland,Breckland,Breckland District Council,,,Active,<http://opendatacommunities.org/id/district-council/breckland>,<http://opendatacommunities.org/def/local-government/DistrictCouncil>,breckland
119,261,261,2016-10-21T16:11:20Z,NFK,NFK,CTY,Norfolk,Norfolk,Norfolk County Council,,,Active,<http://opendatacommunities.org/id/county-council/norfolk>,<http://opendatacommunities.org/def/local-government/CountyCouncil>,norfolk
120,260,260,2016-10-21T16:11:20Z,WLI,WLI,NMD,West Lindsey,West Lindsey,West Lindsey District Council,,,Active,<http://opendatacommunities.org/id/district-council/west-lindsey>,<http://opendatacommunities.org/def/local-government/DistrictCouncil>,west-lindsey
121,259,259,2016-10-21T16:11:20Z,SKE,SKE,NMD,South Kesteven,South Kesteven,South Kesteven District Council,,,Active,<http://opendatacommunities.org/id/district-council/south-kesteven>,<http://opendatacommunities.org/def/local-government/DistrictCouncil>,south-kesteven
122,258,258,2016-10-21T16:11:20Z,SHO,SHO,NMD,South Holland,South Holland,South Holland District Council,,,Active,<http://opendatacommunities.org/id/district-council/south-holland>,<http://opendatacommunities.org/def/local-government/DistrictCouncil>,south-holland
123,257,257,2016-10-21T16:11:20Z,NKE,NKE,NMD,North Kesteven,North Kesteven,North Kesteven District Council,,,Active,<http://opendatacommunities.org/id/district-council/north-kesteven>,<http://opendatacommunities.org/def/local-government/DistrictCouncil>,north-kesteven
124,256,256,2016-10-21T16:11:20Z,LIC,LIC,NMD,City of Lincoln,Lincoln,City of Lincoln Council,,,Active,<http://opendatacommunities.org/id/district-council/lincoln>,<http://opendatacommunities.org/def/local-government/DistrictCouncil>,lincoln
125,255,255,2016-10-21T16:11:20Z,ELI,ELI,NMD,East Lindsey,East Lindsey,East Lindsey District Council,,,Active,<http://opendatacommunities.org/id/district-council/east-lindsey>,<http://opendatacommunities.org/def/local-government/DistrictCouncil>,east-lindsey
126,254,254,2016-10-21T16:11:20Z,BOT,BOT,NMD,Boston,Boston,Boston Borough Council,,,Active,<http://opendatacommunities.org/id/district-council/boston>,<http://opendatacommunities.org/def/local-government/DistrictCouncil>,boston
127,253,253,2016-10-21T16:11:20Z,LIN,LIN,CTY,Lincolnshire,Lincolnshire,Lincolnshire County Council,,,Active,<http://opendatacommunities.org/id/county-council/lincolnshire>,<http://opendatacommunities.org/def/local-government/CountyCouncil>,lincolnshire
128,252,252,2016-10-21T16:11:20Z,OAD,OAD,NMD,Oadby and Wigston,Oadby and Wigston,Oadby and Wigston Borough Council,,,Active,<http://opendatacommunities.org/id/district-council/oadby-and-wigston>,<http://opendatacommunities.org/def/local-government/DistrictCouncil>,oadby-and-wigston
129,251,251,2016-10-21T16:11:20Z,NWL,NWL,NMD,North West Leicestershire,North West Leicestershire,North West Leicestershire District Council,,,Active,<http://opendatacommunities.org/id/district-council/north-west-leicestershire>,<http://opendatacommunities.org/def/local-government/DistrictCouncil>,north-west-leicestershire
130,250,250,2016-10-21T16:11:20Z,MEL,MEL,NMD,Melton,Melton,Melton Borough Council,,,Active,<http://opendatacommunities.org/id/district-council/melton>,<http://opendatacommunities.org/def/local-government/DistrictCouncil>,melton
131,249,249,2016-10-21T16:11:20Z,HIN,HIN,NMD,Hinckley and Bosworth,Hinckley and Bosworth,Hinckley and Bosworth Borough Council,,,Active,<http://opendatacommunities.org/id/district-council/hinckley-and-bosworth>,<http://opendatacommunities.org/def/local-government/DistrictCouncil>,hinckley-and-bosworth
132,248,248,2016-10-21T16:11:20Z,HAO,HAO,NMD,Harborough,Harborough,Harborough District Council,,,Active,<http://opendatacommunities.org/id/district-council/harborough>,<http://opendatacommunities.org/def/local-government/DistrictCouncil>,harborough
133,247,247,2016-10-21T16:11:20Z,CHA,CHA,NMD,Charnwood,Charnwood,Charnwood Borough Council,,,Active,<http://opendatacommunities.org/id/district-council/charnwood>,<http://opendatacommunities.org/def/local-government/DistrictCouncil>,charnwood
134,246,246,2016-10-21T16:11:20Z,BLA,BLA,NMD,Blaby,Blaby,Blaby District Council,,,Active,<http://opendatacommunities.org/id/district-council/blaby>,<http://opendatacommunities.org/def/local-government/DistrictCouncil>,blaby
135,245,245,2016-10-21T16:11:20Z,LEC,LEC,CTY,Leicestershire,Leicestershire,Leicestershire County Council,,,Active,<http://opendatacommunities.org/id/county-council/leicestershire>,<http://opendatacommunities.org/def/local-government/CountyCouncil>,leicestershire
136,244,244,2016-10-21T16:11:20Z,WYR,WYR,NMD,Wyre,Wyre,Wyre Borough Council,,,Active,<http://opendatacommunities.org/id/district-council/wyre>,<http://opendatacommunities.org/def/local-government/DistrictCouncil>,wyre
137,243,243,2016-10-21T16:11:20Z,WLA,WLA,NMD,West Lancashire,West Lancashire,West Lancashire Borough Council,,,Active,<http://opendatacommunities.org/id/district-council/west-lancashire>,<http://opendatacommunities.org/def/local-government/DistrictCouncil>,west-lancashire
138,242,242,2016-10-21T16:11:20Z,SRI,SRI,NMD,South Ribble,South Ribble,South Ribble Borough Council,,,Active,<http://opendatacommunities.org/id/district-council/south-ribble>,<http://opendatacommunities.org/def/local-government/DistrictCouncil>,south-ribble
139,241,241,2016-10-21T16:11:20Z,ROS,ROS,NMD,Rossendale,Rossendale,Rossendale Borough Council,,,Active,<http://opendatacommunities.org/id/district-council/rossendale>,<http://opendatacommunities.org/def/local-government/DistrictCouncil>,rossendale
140,240,240,2016-10-21T16:11:20Z,RIB,RIB,NMD,Ribble Valley,Ribble Valley,Ribble Valley Borough Council,,,Active,<http://opendatacommunities.org/id/district-council/ribble-valley>,<http://opendatacommunities.org/def/local-government/DistrictCouncil>,ribble-valley
141,239,239,2016-10-21T16:11:20Z,PRE,PRE,NMD,Preston,Preston,Preston City Council,,,Active,<http://opendatacommunities.org/id/district-council/preston>,<http://opendatacommunities.org/def/local-government/DistrictCouncil>,preston
142,238,238,2016-10-21T16:11:20Z,PEN,PEN,NMD,Pendle,Pendle,Pendle Borough Council,,,Active,<http://opendatacommunities.org/id/district-council/pendle>,<http://opendatacommunities.org/def/local-government/DistrictCouncil>,pendle
143,237,237,2016-10-21T16:11:20Z,LAC,LAC,NMD,Lancaster,Lancaster,Lancaster City Council,,,Active,<http://opendatacommunities.org/id/district-council/lancaster>,<http://opendatacommunities.org/def/local-government/DistrictCouncil>,lancaster
144,236,236,2016-10-21T16:11:20Z,HYN,HYN,NMD,Hyndburn,Hyndburn,Hyndburn Borough Council,,,Active,<http://opendatacommunities.org/id/district-council/hyndburn>,<http://opendatacommunities.org/def/local-government/DistrictCouncil>,hyndburn
145,235,235,2016-10-21T16:11:20Z,FYL,FYL,NMD,Fylde,Fylde,Fylde Borough Council,,,Active,<http://opendatacommunities.org/id/district-council/fylde>,<http://opendatacommunities.org/def/local-government/DistrictCouncil>,fylde
146,234,234,2016-10-21T16:11:20Z,CHO,CHO,NMD,Chorley,Chorley,Chorley Borough Council,,,Active,<http://opendatacommunities.org/id/district-council/chorley>,<http://opendatacommunities.org/def/local-government/DistrictCouncil>,chorley
147,233,233,2016-10-21T16:11:20Z,BUN,BUN,NMD,Burnley,Burnley,Burnley Borough Council,,,Active,<http://opendatacommunities.org/id/district-council/burnley>,<http://opendatacommunities.org/def/local-government/DistrictCouncil>,burnley
148,232,232,2016-10-21T16:11:20Z,LAN,LAN,CTY,Lancashire,Lancashire,Lancashire County Council,,,Active,<http://opendatacommunities.org/id/county-council/lancashire>,<http://opendatacommunities.org/def/local-government/CountyCouncil>,lancashire
149,231,231,2016-10-21T16:11:20Z,TUN,TUN,NMD,Tunbridge Wells,Tunbridge Wells,Tunbridge Wells Borough Council,,,Active,<http://opendatacommunities.org/id/district-council/tunbridge-wells>,<http://opendatacommunities.org/def/local-government/DistrictCouncil>,tunbridge-wells
150,230,230,2016-10-21T16:11:20Z,TON,TON,NMD,Tonbridge and Malling,Tonbridge and Malling,Tonbridge and Malling Borough Council,,,Active,<http://opendatacommunities.org/id/district-council/tonbridge-and-malling>,<http://opendatacommunities.org/def/local-government/DistrictCouncil>,tonbridge-and-malling
151,229,229,2016-10-21T16:11:20Z,THA,THA,NMD,Thanet,Thanet,Thanet District Council,,,Active,<http://opendatacommunities.org/id/district-council/thanet>,<http://opendatacommunities.org/def/local-government/DistrictCouncil>,thanet
152,228,228,2016-10-21T16:11:20Z,SWL,SWL,NMD,Swale,Swale,Swale Borough Council,,,Active,<http://opendatacommunities.org/id/district-council/swale>,<http://opendatacommunities.org/def/local-government/DistrictCouncil>,swale
153,226,226,2016-10-21T16:11:20Z,SEV,SEV,NMD,Sevenoaks,Sevenoaks,Sevenoaks District Council,,,Active,<http://opendatacommunities.org/id/district-council/sevenoaks>,<http://opendatacommunities.org/def/local-government/DistrictCouncil>,sevenoaks
154,225,225,2016-10-21T16:11:20Z,MAI,MAI,NMD,Maidstone,Maidstone,Maidstone Borough Council,,,Active,<http://opendatacommunities.org/id/district-council/maidstone>,<http://opendatacommunities.org/def/local-government/DistrictCouncil>,maidstone
155,224,224,2016-10-21T16:11:20Z,GRA,GRA,NMD,Gravesham,Gravesham,Gravesham Borough Council,,,Active,<http://opendatacommunities.org/id/district-council/gravesham>,<http://opendatacommunities.org/def/local-government/DistrictCouncil>,gravesham
156,223,223,2016-10-21T16:11:20Z,DOV,DOV,NMD,Dover,Dover,Dover District Council,,,Active,<http://opendatacommunities.org/id/district-council/dover>,<http://opendatacommunities.org/def/local-government/DistrictCouncil>,dover
157,222,222,2016-10-21T16:11:20Z,DAR,DAR,NMD,Dartford,Dartford,Dartford Borough Council,,,Active,<http://opendatacommunities.org/id/district-council/dartford>,<http://opendatacommunities.org/def/local-government/DistrictCouncil>,dartford
158,221,221,2016-10-21T16:11:20Z,CAT,CAT,NMD,Canterbury,Canterbury,Canterbury City Council,,,Active,<http://opendatacommunities.org/id/district-council/canterbury>,<http://opendatacommunities.org/def/local-government/DistrictCouncil>,canterbury
159,220,220,2016-10-21T16:11:20Z,ASF,ASF,NMD,Ashford,Ashford,Ashford Borough Council,,,Active,<http://opendatacommunities.org/id/district-council/ashford>,<http://opendatacommunities.org/def/local-government/DistrictCouncil>,ashford
160,219,219,2016-10-21T16:11:20Z,KEN,KEN,CTY,Kent,Kent,Kent County Council,,,Active,<http://opendatacommunities.org/id/county-council/kent>,<http://opendatacommunities.org/def/local-government/CountyCouncil>,kent
161,218,218,2016-10-21T16:11:20Z,WEW,WEW,NMD,Welwyn Hatfield,Welwyn Hatfield,Welwyn Hatfield Borough Council,,,Active,<http://opendatacommunities.org/id/district-council/welwyn-hatfield>,<http://opendatacommunities.org/def/local-government/DistrictCouncil>,welwyn-hatfield
162,217,217,2016-10-21T16:11:20Z,WAT,WAT,NMD,Watford,Watford,Watford Borough Council,,,Active,<http://opendatacommunities.org/id/district-council/watford>,<http://opendatacommunities.org/def/local-government/DistrictCouncil>,watford
163,216,216,2016-10-21T16:11:20Z,THE,THE,NMD,Three Rivers,Three Rivers,Three Rivers District Council,,,Active,<http://opendatacommunities.org/id/district-council/three-rivers>,<http://opendatacommunities.org/def/local-government/DistrictCouncil>,three-rivers
164,215,215,2016-10-21T16:11:20Z,STV,STV,NMD,Stevenage,Stevenage,Stevenage Borough Council,,,Active,<http://opendatacommunities.org/id/district-council/stevenage>,<http://opendatacommunities.org/def/local-government/DistrictCouncil>,stevenage
165,214,214,2016-10-21T16:11:20Z,SAL,SAL,NMD,St Albans,St Albans,St Albans City and District Council,,,Active,<http://opendatacommunities.org/id/district-council/st-albans>,<http://opendatacommunities.org/def/local-government/DistrictCouncil>,st-albans
166,213,213,2016-10-21T16:11:20Z,NHE,NHE,NMD,North Hertfordshire,North Hertfordshire,North Hertfordshire District Council,,,Active,<http://opendatacommunities.org/id/district-council/north-hertfordshire>,<http://opendatacommunities.org/def/local-government/DistrictCouncil>,north-hertfordshire
167,212,212,2016-10-21T16:11:20Z,HER,HER,NMD,Hertsmere,Hertsmere,Hertsmere Borough Council,,,Active,<http://opendatacommunities.org/id/district-council/hertsmere>,<http://opendatacommunities.org/def/local-government/DistrictCouncil>,hertsmere
168,211,211,2016-10-21T16:11:20Z,EHE,EHE,NMD,East Hertfordshire,East Hertfordshire,East Hertfordshire District Council,,,Active,<http://opendatacommunities.org/id/district-council/east-hertfordshire>,<http://opendatacommunities.org/def/local-government/DistrictCouncil>,east-hertfordshire
169,210,210,2016-10-21T16:11:20Z,DAC,DAC,NMD,Dacorum,Dacorum,Dacorum Borough Council,,,Active,<http://opendatacommunities.org/id/district-council/dacorum>,<http://opendatacommunities.org/def/local-government/DistrictCouncil>,dacorum
170,209,209,2016-10-21T16:11:20Z,BRX,BRX,NMD,Broxbourne,Broxbourne,Broxbourne Borough Council,,,Active,<http://opendatacommunities.org/id/district-council/broxbourne>,<http://opendatacommunities.org/def/local-government/DistrictCouncil>,broxbourne
171,208,208,2016-10-21T16:11:20Z,HRT,HRT,CTY,Hertfordshire,Hertfordshire,Hertfordshire County Council,,,Active,<http://opendatacommunities.org/id/county-council/hertfordshire>,<http://opendatacommunities.org/def/local-government/CountyCouncil>,hertfordshire
172,207,207,2016-10-21T16:11:20Z,WIN,WIN,NMD,Winchester,Winchester,Winchester City Council,,,Active,<http://opendatacommunities.org/id/district-council/winchester>,<http://opendatacommunities.org/def/local-government/DistrictCouncil>,winchester
173,206,206,2016-10-21T16:11:20Z,TES,TES,NMD,Test Valley,Test Valley,Test Valley Borough Council,,,Active,<http://opendatacommunities.org/id/district-council/test-valley>,<http://opendatacommunities.org/def/local-government/DistrictCouncil>,test-valley
174,205,205,2016-10-21T16:11:20Z,RUH,RUH,NMD,Rushmoor,Rushmoor,Rushmoor Borough Council,,,Active,<http://opendatacommunities.org/id/district-council/rushmoor>,<http://opendatacommunities.org/def/local-government/DistrictCouncil>,rushmoor
175,204,204,2016-10-21T16:11:20Z,NEW,NEW,NMD,New Forest,New Forest,New Forest District Council,,,Active,<http://opendatacommunities.org/id/district-council/new-forest>,<http://opendatacommunities.org/def/local-government/DistrictCouncil>,new-forest
176,203,203,2016-10-21T16:11:20Z,HAA,HAA,NMD,Havant,Havant,Havant Borough Council,,,Active,<http://opendatacommunities.org/id/district-council/havant>,<http://opendatacommunities.org/def/local-government/DistrictCouncil>,havant
177,202,202,2016-10-21T16:11:20Z,HAT,HAT,NMD,Hart,Hart,Hart District Council,,,Active,<http://opendatacommunities.org/id/district-council/hart>,<http://opendatacommunities.org/def/local-government/DistrictCouncil>,hart
178,201,201,2016-10-21T16:11:20Z,GOS,GOS,NMD,Gosport,Gosport,Gosport Borough Council,,,Active,<http://opendatacommunities.org/id/district-council/gosport>,<http://opendatacommunities.org/def/local-government/DistrictCouncil>,gosport
179,200,200,2016-10-21T16:11:20Z,FAR,FAR,NMD,Fareham,Fareham,Fareham Borough Council,,,Active,<http://opendatacommunities.org/id/district-council/fareham>,<http://opendatacommunities.org/def/local-government/DistrictCouncil>,fareham
180,199,199,2016-10-21T16:11:20Z,EAT,EAT,NMD,Eastleigh,Eastleigh,Eastleigh Borough Council,,,Active,<http://opendatacommunities.org/id/district-council/eastleigh>,<http://opendatacommunities.org/def/local-government/DistrictCouncil>,eastleigh
181,198,198,2016-10-21T16:11:20Z,EHA,EHA,NMD,East Hampshire,East Hampshire,East Hampshire District Council,,,Active,<http://opendatacommunities.org/id/district-council/east-hampshire>,<http://opendatacommunities.org/def/local-government/DistrictCouncil>,east-hampshire
182,197,197,2016-10-21T16:11:20Z,BAN,BAN,NMD,Basingstoke and Deane,Basingstoke and Deane,Basingstoke and Deane Borough Council,,,Active,<http://opendatacommunities.org/id/district-council/basingstoke>,<http://opendatacommunities.org/def/local-government/DistrictCouncil>,basingstoke-and-deane
183,196,196,2016-10-21T16:11:20Z,HAM,HAM,CTY,Hampshire,Hampshire,Hampshire County Council,,,Active,<http://opendatacommunities.org/id/county-council/hampshire>,<http://opendatacommunities.org/def/local-government/CountyCouncil>,hampshire
184,195,195,2016-10-21T16:11:20Z,TEW,TEW,NMD,Tewkesbury,Tewkesbury,Tewkesbury Borough Council,,,Active,<http://opendatacommunities.org/id/district-council/tewkesbury>,<http://opendatacommunities.org/def/local-government/DistrictCouncil>,tewkesbury
185,194,194,2016-10-21T16:11:20Z,STO,STO,NMD,Stroud,Stroud,Stroud District Council,,,Active,<http://opendatacommunities.org/id/district-council/stroud>,<http://opendatacommunities.org/def/local-government/DistrictCouncil>,stroud
186,193,193,2016-10-21T16:11:20Z,GLO,GLO,NMD,Gloucester,Gloucester,Gloucester City Council,,,Active,<http://opendatacommunities.org/id/district-council/gloucester>,<http://opendatacommunities.org/def/local-government/DistrictCouncil>,gloucester
187,192,192,2016-10-21T16:11:20Z,FOE,FOE,NMD,Forest of Dean,Forest of Dean,Forest of Dean District Council,,,Active,<http://opendatacommunities.org/id/district-council/forest-of-dean>,<http://opendatacommunities.org/def/local-government/DistrictCouncil>,forest-of-dean
188,191,191,2016-10-21T16:11:20Z,COT,COT,NMD,Cotswold,Cotswold,Cotswold District Council,,,Active,<http://opendatacommunities.org/id/district-council/cotswold>,<http://opendatacommunities.org/def/local-government/DistrictCouncil>,cotswold
189,190,190,2016-10-21T16:11:20Z,CHT,CHT,NMD,Cheltenham,Cheltenham,Cheltenham Borough Council,,,Active,<http://opendatacommunities.org/id/district-council/cheltenham>,<http://opendatacommunities.org/def/local-government/DistrictCouncil>,cheltenham
190,189,189,2016-10-21T16:11:20Z,GLS,GLS,CTY,Gloucestershire,Gloucestershire,Gloucestershire County Council,,,Active,<http://opendatacommunities.org/id/county-council/gloucestershire>,<http://opendatacommunities.org/def/local-government/CountyCouncil>,gloucestershire
191,188,188,2016-10-21T16:11:20Z,WSM,WSM,LBO,Westminster,Westminster,City of Westminster,,,Active,<http://opendatacommunities.org/id/london-borough-council/westminster>,<http://opendatacommunities.org/def/local-government/LondonBoroughCouncil>,westminster
192,187,187,2016-10-21T16:11:20Z,WND,WND,LBO,Wandsworth,Wandsworth,London Borough of Wandsworth,,,Active,<http://opendatacommunities.org/id/london-borough-council/wandsworth>,<http://opendatacommunities.org/def/local-government/LondonBoroughCouncil>,wandsworth
193,186,186,2016-10-21T16:11:20Z,WFT,WFT,LBO,Waltham Forest,Waltham Forest,London Borough of Waltham Forest,,,Active,<http://opendatacommunities.org/id/london-borough-council/waltham-forest>,<http://opendatacommunities.org/def/local-government/LondonBoroughCouncil>,waltham-forest
194,185,185,2016-10-21T16:11:20Z,TWH,TWH,LBO,Tower Hamlets,Tower Hamlets,London Borough of Tower Hamlets,,,Active,<http://opendatacommunities.org/id/london-borough-council/tower-hamlets>,<http://opendatacommunities.org/def/local-government/LondonBoroughCouncil>,tower-hamlets
195,184,184,2016-10-21T16:11:20Z,SWK,SWK,LBO,Southwark,Southwark,London Borough of Southwark,,,Active,<http://opendatacommunities.org/id/london-borough-council/southwark>,<http://opendatacommunities.org/def/local-government/LondonBoroughCouncil>,southwark
196,183,183,2016-10-21T16:11:20Z,STN,STN,LBO,Sutton,Sutton,London Borough of Sutton,,,Active,<http://opendatacommunities.org/id/london-borough-council/sutton>,<http://opendatacommunities.org/def/local-government/LondonBoroughCouncil>,sutton
197,182,182,2016-10-21T16:11:20Z,RIC,RIC,LBO,Richmond upon Thames,Richmond upon Thames,London Borough of Richmond upon Thames,,,Active,<http://opendatacommunities.org/id/london-borough-council/richmond>,<http://opendatacommunities.org/def/local-government/LondonBoroughCouncil>,richmond-upon-thames
198,181,181,2016-10-21T16:11:20Z,RDB,RDB,LBO,Redbridge,Redbridge,London Borough of Redbridge,,,Active,<http://opendatacommunities.org/id/london-borough-council/redbridge>,<http://opendatacommunities.org/def/local-government/LondonBoroughCouncil>,redbridge
199,180,180,2016-10-21T16:11:20Z,NWM,NWM,LBO,Newham,Newham,London Borough of Newham,,,Active,<http://opendatacommunities.org/id/london-borough-council/newham>,<http://opendatacommunities.org/def/local-government/LondonBoroughCouncil>,newham
200,179,179,2016-10-21T16:11:20Z,MRT,MRT,LBO,Merton,Merton,London Borough of Merton,,,Active,<http://opendatacommunities.org/id/london-borough-council/merton>,<http://opendatacommunities.org/def/local-government/LondonBoroughCouncil>,merton
201,178,178,2016-10-21T16:11:20Z,LEW,LEW,LBO,Lewisham,Lewisham,London Borough of Lewisham,,,Active,<http://opendatacommunities.org/id/london-borough-council/lewisham>,<http://opendatacommunities.org/def/local-government/LondonBoroughCouncil>,lewisham
202,177,177,2016-10-21T16:11:20Z,LBH,LBH,LBO,Lambeth,Lambeth,London Borough of Lambeth,,,Active,<http://opendatacommunities.org/id/london-borough-council/lambeth>,<http://opendatacommunities.org/def/local-government/LondonBoroughCouncil>,lambeth
203,176,176,2016-10-21T16:11:20Z,KTT,KTT,LBO,Kingston upon Thames,Kingston upon Thames,Royal Borough of Kingston upon Thames,,,Active,<http://opendatacommunities.org/id/london-borough-council/kingston>,<http://opendatacommunities.org/def/local-government/LondonBoroughCouncil>,kingston-upon-thames
204,175,175,2016-10-21T16:11:20Z,KEC,KEC,LBO,Kensington and Chelsea,Kensington and Chelsea,Royal Borough of Kensington and Chelsea,,,Active,<http://opendatacommunities.org/id/london-borough-council/kensington-and-chelsea>,<http://opendatacommunities.org/def/local-government/LondonBoroughCouncil>,kensington-and-chelsea
205,174,174,2016-10-21T16:11:20Z,ISL,ISL,LBO,Islington,Islington,London Borough of Islington,,,Active,<http://opendatacommunities.org/id/london-borough-council/islington>,<http://opendatacommunities.org/def/local-government/LondonBoroughCouncil>,islington
206,173,173,2016-10-21T16:11:20Z,HRY,HRY,LBO,Haringey,Haringey,London Borough of Haringey,,,Active,<http://opendatacommunities.org/id/london-borough-council/haringey>,<http://opendatacommunities.org/def/local-government/LondonBoroughCouncil>,haringey
207,172,172,2016-10-21T16:11:20Z,HRW,HRW,LBO,Harrow,Harrow,London Borough of Harrow,,,Active,<http://opendatacommunities.org/id/london-borough-council/harrow>,<http://opendatacommunities.org/def/local-government/LondonBoroughCouncil>,harrow
208,171,171,2016-10-21T16:11:20Z,HNS,HNS,LBO,Hounslow,Hounslow,London Borough of Hounslow,,,Active,<http://opendatacommunities.org/id/london-borough-council/hounslow>,<http://opendatacommunities.org/def/local-government/LondonBoroughCouncil>,hounslow
209,170,170,2016-10-21T16:11:20Z,HMF,HMF,LBO,Hammersmith and Fulham,Hammersmith and Fulham,London Borough of Hammersmith & Fulham,,,Active,<http://opendatacommunities.org/id/london-borough-council/hammersmith-and-fulham>,<http://opendatacommunities.org/def/local-government/LondonBoroughCouncil>,hammersmith-and-fulham
210,169,169,2016-10-21T16:11:20Z,HIL,HIL,LBO,Hillingdon,Hillingdon,London Borough of Hillingdon,,,Active,<http://opendatacommunities.org/id/london-borough-council/hillingdon>,<http://opendatacommunities.org/def/local-government/LondonBoroughCouncil>,hillingdon
211,168,168,2016-10-21T16:11:20Z,HCK,HCK,LBO,Hackney,Hackney,London Borough of Hackney,,,Active,<http://opendatacommunities.org/id/london-borough-council/hackney>,<http://opendatacommunities.org/def/local-government/LondonBoroughCouncil>,hackney
212,167,167,2016-10-21T16:11:20Z,HAV,HAV,LBO,Havering,Havering,London Borough of Havering,,,Active,<http://opendatacommunities.org/id/london-borough-council/havering>,<http://opendatacommunities.org/def/local-government/LondonBoroughCouncil>,havering
213,166,166,2016-10-21T16:11:20Z,GRE,GRE,LBO,Greenwich,Greenwich,Royal Borough of Greenwich,,,Active,<http://opendatacommunities.org/id/london-borough-council/greenwich>,<http://opendatacommunities.org/def/local-government/LondonBoroughCouncil>,greenwich
214,165,165,2016-10-21T16:11:20Z,ENF,ENF,LBO,Enfield,Enfield,London Borough of Enfield,,,Active,<http://opendatacommunities.org/id/london-borough-council/enfield>,<http://opendatacommunities.org/def/local-government/LondonBoroughCouncil>,enfield
215,164,164,2016-10-21T16:11:20Z,EAL,EAL,LBO,Ealing,Ealing,London Borough of Ealing,,,Active,<http://opendatacommunities.org/id/london-borough-council/ealing>,<http://opendatacommunities.org/def/local-government/LondonBoroughCouncil>,ealing
216,163,163,2016-10-21T16:11:20Z,CRY,CRY,LBO,Croydon,Croydon,London Borough of Croydon,,,Active,<http://opendatacommunities.org/id/london-borough-council/croydon>,<http://opendatacommunities.org/def/local-government/LondonBoroughCouncil>,croydon
217,162,162,2016-10-21T16:11:20Z,CMD,CMD,LBO,Camden,Camden,London Borough of Camden,,,Active,<http://opendatacommunities.org/id/london-borough-council/camden>,<http://opendatacommunities.org/def/local-government/LondonBoroughCouncil>,camden
218,161,161,2016-10-21T16:11:20Z,BRY,BRY,LBO,Bromley,Bromley,London Borough of Bromley,,,Active,<http://opendatacommunities.org/id/london-borough-council/bromley>,<http://opendatacommunities.org/def/local-government/LondonBoroughCouncil>,bromley
219,160,160,2016-10-21T16:11:20Z,BNE,BNE,LBO,Barnet,Barnet,London Borough of Barnet,,,Active,<http://opendatacommunities.org/id/london-borough-council/barnet>,<http://opendatacommunities.org/def/local-government/LondonBoroughCouncil>,barnet
220,159,159,2016-10-21T16:11:20Z,BEX,BEX,LBO,Bexley,Bexley,London Borough of Bexley,,,Active,<http://opendatacommunities.org/id/london-borough-council/bexley>,<http://opendatacommunities.org/def/local-government/LondonBoroughCouncil>,bexley
221,158,158,2016-10-21T16:11:20Z,BEN,BEN,LBO,Brent,Brent,London Borough of Brent,,,Active,<http://opendatacommunities.org/id/london-borough-council/brent>,<http://opendatacommunities.org/def/local-government/LondonBoroughCouncil>,brent
222,157,157,2016-10-21T16:11:20Z,BDG,BDG,LBO,Barking and Dagenham,Barking and Dagenham,London Borough of Barking and Dagenham,,,Active,<http://opendatacommunities.org/id/london-borough-council/barking-and-dagenham>,<http://opendatacommunities.org/def/local-government/LondonBoroughCouncil>,barking-and-dagenham
223,156,156,2016-10-21T16:11:20Z,WEA,WEA,NMD,Wealden,Wealden,Wealden District Council,,,Active,<http://opendatacommunities.org/id/district-council/wealden>,<http://opendatacommunities.org/def/local-government/DistrictCouncil>,wealden
224,155,155,2016-10-21T16:11:20Z,ROH,ROH,NMD,Rother,Rother,Rother District Council,,,Active,<http://opendatacommunities.org/id/district-council/rother>,<http://opendatacommunities.org/def/local-government/DistrictCouncil>,rother
225,154,154,2016-10-21T16:11:20Z,LEE,LEE,NMD,Lewes,Lewes,Lewes District Council,,,Active,<http://opendatacommunities.org/id/district-council/lewes>,<http://opendatacommunities.org/def/local-government/DistrictCouncil>,lewes
226,153,153,2016-10-21T16:11:20Z,HAS,HAS,NMD,Hastings,Hastings,Hastings Borough Council,,,Active,<http://opendatacommunities.org/id/district-council/hastings>,<http://opendatacommunities.org/def/local-government/DistrictCouncil>,hastings
227,152,152,2016-10-21T16:11:20Z,EAS,EAS,NMD,Eastbourne,Eastbourne,Eastbourne Borough Council,,,Active,<http://opendatacommunities.org/id/district-council/eastbourne>,<http://opendatacommunities.org/def/local-government/DistrictCouncil>,eastbourne
228,151,151,2016-10-21T16:11:20Z,ESX,ESX,CTY,East Sussex,East Sussex,East Sussex County Council,,,Active,<http://opendatacommunities.org/id/county-council/east-sussex>,<http://opendatacommunities.org/def/local-government/CountyCouncil>,east-sussex
229,150,150,2016-10-21T16:11:20Z,UTT,UTT,NMD,Uttlesford,Uttlesford,Uttlesford District Council,,,Active,<http://opendatacommunities.org/id/district-council/uttlesford>,<http://opendatacommunities.org/def/local-government/DistrictCouncil>,uttlesford
230,149,149,2016-10-21T16:11:20Z,TEN,TEN,NMD,Tendring,Tendring,Tendring District Council,,,Active,<http://opendatacommunities.org/id/district-council/tendring>,<http://opendatacommunities.org/def/local-government/DistrictCouncil>,tendring
231,148,148,2016-10-21T16:11:20Z,ROC,ROC,NMD,Rochford,Rochford,Rochford District Council,,,Active,<http://opendatacommunities.org/id/district-council/rochford>,<http://opendatacommunities.org/def/local-government/DistrictCouncil>,rochford
232,147,147,2016-10-21T16:11:20Z,MAL,MAL,NMD,Maldon,Maldon,Maldon District Council,,,Active,<http://opendatacommunities.org/id/district-council/maldon>,<http://opendatacommunities.org/def/local-government/DistrictCouncil>,maldon
233,146,146,2016-10-21T16:11:20Z,HAR,HAR,NMD,Harlow,Harlow,Harlow District Council,,,Active,<http://opendatacommunities.org/id/district-council/harlow>,<http://opendatacommunities.org/def/local-government/DistrictCouncil>,harlow
234,145,145,2016-10-21T16:11:20Z,EPP,EPP,NMD,Epping Forest,Epping Forest,Epping Forest District Council,,,Active,<http://opendatacommunities.org/id/district-council/epping-forest>,<http://opendatacommunities.org/def/local-government/DistrictCouncil>,epping-forest
235,144,144,2016-10-21T16:11:20Z,COL,COL,NMD,Colchester,Colchester,Colchester Borough Council,,,Active,<http://opendatacommunities.org/id/district-council/colchester>,<http://opendatacommunities.org/def/local-government/DistrictCouncil>,colchester
236,143,143,2016-10-21T16:11:20Z,CHL,CHL,NMD,Chelmsford,Chelmsford,Chelmsford City Council,,,Active,<http://opendatacommunities.org/id/district-council/chelmsford>,<http://opendatacommunities.org/def/local-government/DistrictCouncil>,chelmsford
237,142,142,2016-10-21T16:11:20Z,CAS,CAS,NMD,Castle Point,Castle Point,Castle Point Borough Council,,,Active,<http://opendatacommunities.org/id/district-council/castle-point>,<http://opendatacommunities.org/def/local-government/DistrictCouncil>,castle-point
238,141,141,2016-10-21T16:11:20Z,BRW,BRW,NMD,Brentwood,Brentwood,Brentwood Borough Council,,,Active,<http://opendatacommunities.org/id/district-council/brentwood>,<http://opendatacommunities.org/def/local-government/DistrictCouncil>,brentwood
239,140,140,2016-10-21T16:11:20Z,BRA,BRA,NMD,Braintree,Braintree,Braintree District Council,,,Active,<http://opendatacommunities.org/id/district-council/braintree>,<http://opendatacommunities.org/def/local-government/DistrictCouncil>,braintree
240,139,139,2016-10-21T16:11:20Z,BAI,BAI,NMD,Basildon,Basildon,Basildon Borough Council,,,Active,<http://opendatacommunities.org/id/district-council/basildon>,<http://opendatacommunities.org/def/local-government/DistrictCouncil>,basildon
241,138,138,2016-10-21T16:11:20Z,ESS,ESS,CTY,Essex,Essex,Essex County Council,,,Active,<http://opendatacommunities.org/id/county-council/essex>,<http://opendatacommunities.org/def/local-government/CountyCouncil>,essex
242,130,130,2016-10-21T16:11:20Z,WDE,WDE,NMD,West Devon,West Devon,West Devon Borough Council,,,Active,<http://opendatacommunities.org/id/district-council/west-devon>,<http://opendatacommunities.org/def/local-government/DistrictCouncil>,west-devon
243,129,129,2016-10-21T16:11:20Z,TOR,TOR,NMD,Torridge,Torridge,Torridge District Council,,,Active,<http://opendatacommunities.org/id/district-council/torridge>,<http://opendatacommunities.org/def/local-government/DistrictCouncil>,torridge
244,128,128,2016-10-21T16:11:20Z,TEI,TEI,NMD,Teignbridge,Teignbridge,Teignbridge District Council,,,Active,<http://opendatacommunities.org/id/district-council/teignbridge>,<http://opendatacommunities.org/def/local-government/DistrictCouncil>,teignbridge
245,127,127,2016-10-21T16:11:20Z,SHA,SHA,NMD,South Hams,South Hams,South Hams District Council,,,Active,<http://opendatacommunities.org/id/district-council/south-hams>,<http://opendatacommunities.org/def/local-government/DistrictCouncil>,south-hams
246,126,126,2016-10-21T16:11:20Z,NDE,NDE,NMD,North Devon,North Devon,North Devon District Council,,,Active,<http://opendatacommunities.org/id/district-council/north-devon>,<http://opendatacommunities.org/def/local-government/DistrictCouncil>,north-devon
247,125,125,2016-10-21T16:11:20Z,MDE,MDE,NMD,Mid Devon,Mid Devon,Mid Devon District Council,,,Active,<http://opendatacommunities.org/id/district-council/mid-devon>,<http://opendatacommunities.org/def/local-government/DistrictCouncil>,mid-devon
248,124,124,2016-10-21T16:11:20Z,EXE,EXE,NMD,Exeter,Exeter,Exeter City Council,,,Active,<http://opendatacommunities.org/id/district-council/exeter>,<http://opendatacommunities.org/def/local-government/DistrictCouncil>,exeter
249,123,123,2016-10-21T16:11:20Z,EDE,EDE,NMD,East Devon,East Devon,East Devon District Council,,,Active,<http://opendatacommunities.org/id/district-council/east-devon>,<http://opendatacommunities.org/def/local-government/DistrictCouncil>,east-devon
250,122,122,2016-10-21T16:11:20Z,DEV,DEV,CTY,Devon,Devon,Devon County Council,,,Active,<http://opendatacommunities.org/id/county-council/devon>,<http://opendatacommunities.org/def/local-government/CountyCouncil>,devon
251,121,121,2016-10-21T16:11:20Z,SDE,SDE,NMD,South Derbyshire,South Derbyshire,South Derbyshire District Council,,,Active,<http://opendatacommunities.org/id/district-council/south-derbyshire>,<http://opendatacommunities.org/def/local-government/DistrictCouncil>,south-derbyshire
252,120,120,2016-10-21T16:11:20Z,NED,NED,NMD,North East Derbyshire,North East Derbyshire,North East Derbyshire District Council,,,Active,<http://opendatacommunities.org/id/district-council/north-east-derbyshire>,<http://opendatacommunities.org/def/local-government/DistrictCouncil>,north-east-derbyshire
253,119,119,2016-10-21T16:11:20Z,HIG,HIG,NMD,High Peak,High Peak,High Peak Borough Council,,,Active,<http://opendatacommunities.org/id/district-council/high-peak>,<http://opendatacommunities.org/def/local-government/DistrictCouncil>,high-peak
254,118,118,2016-10-21T16:11:20Z,ERE,ERE,NMD,Erewash,Erewash,Erewash Borough Council,,,Active,<http://opendatacommunities.org/id/district-council/erewash>,<http://opendatacommunities.org/def/local-government/DistrictCouncil>,erewash
255,117,117,2016-10-21T16:11:20Z,DEB,DEB,NMD,Derbyshire Dales,Derbyshire Dales,Derbyshire Dales District Council,,,Active,<http://opendatacommunities.org/id/district-council/derbyshire-dales>,<http://opendatacommunities.org/def/local-government/DistrictCouncil>,derbyshire-dales
256,116,116,2016-10-21T16:11:20Z,CHS,CHS,NMD,Chesterfield,Chesterfield,Chesterfield Borough Council,,,Active,<http://opendatacommunities.org/id/district-council/chesterfield>,<http://opendatacommunities.org/def/local-government/DistrictCouncil>,chesterfield
257,115,115,2016-10-21T16:11:20Z,BOS,BOS,NMD,Bolsover,Bolsover,Bolsover District Council,,,Active,<http://opendatacommunities.org/id/district-council/bolsover>,<http://opendatacommunities.org/def/local-government/DistrictCouncil>,bolsover
258,114,114,2016-10-21T16:11:20Z,AMB,AMB,NMD,Amber Valley,Amber Valley,Amber Valley Borough Council,,,Active,<http://opendatacommunities.org/id/district-council/amber-valley>,<http://opendatacommunities.org/def/local-government/DistrictCouncil>,amber-valley
259,113,113,2016-10-21T16:11:20Z,DBY,DBY,CTY,Derbyshire,Derbyshire,Derbyshire County Council,,,Active,<http://opendatacommunities.org/id/county-council/derbyshire>,<http://opendatacommunities.org/def/local-government/CountyCouncil>,derbyshire
260,112,112,2016-10-21T16:11:20Z,DER,DER,UA,Derby,Derby,Derby City Council,,,Active,<http://opendatacommunities.org/id/unitary-authority/derby>,<http://opendatacommunities.org/def/local-government/UnitaryAuthority>,derby
261,111,111,2016-10-21T16:11:20Z,SLA,SLA,NMD,South Lakeland,South Lakeland,South Lakeland District Council,,,Active,<http://opendatacommunities.org/id/district-council/south-lakeland>,<http://opendatacommunities.org/def/local-government/DistrictCouncil>,south-lakeland
262,110,110,2016-10-21T16:11:20Z,EDN,EDN,NMD,Eden,Eden,Eden District Council,,,Active,<http://opendatacommunities.org/id/district-council/eden>,<http://opendatacommunities.org/def/local-government/DistrictCouncil>,eden
263,109,109,2016-10-21T16:11:20Z,COP,COP,NMD,Copeland,Copeland,Copeland Borough Council,,,Active,<http://opendatacommunities.org/id/district-council/copeland>,<http://opendatacommunities.org/def/local-government/DistrictCouncil>,copeland
264,108,108,2016-10-21T16:11:20Z,CAR,CAR,NMD,Carlisle,Carlisle,Carlisle City Council,,,Active,<http://opendatacommunities.org/id/district-council/carlisle>,<http://opendatacommunities.org/def/local-government/DistrictCouncil>,carlisle
265,107,107,2016-10-21T16:11:20Z,BAR,BAR,NMD,Barrow-in-Furness,Barrow-in-Furness,Barrow-in-Furness Borough Council,,,Active,<http://opendatacommunities.org/id/district-council/barrow-in-furness>,<http://opendatacommunities.org/def/local-government/DistrictCouncil>,barrow-in-furness
266,106,106,2016-10-21T16:11:20Z,ALL,ALL,NMD,Allerdale,Allerdale,Allerdale Borough Council,,,Active,<http://opendatacommunities.org/id/district-council/allerdale>,<http://opendatacommunities.org/def/local-government/DistrictCouncil>,allerdale
267,105,105,2016-10-21T16:11:20Z,CMA,CMA,CTY,Cumbria,Cumbria,Cumbria County Council,,,Active,<http://opendatacommunities.org/id/county-council/cumbria>,<http://opendatacommunities.org/def/local-government/CountyCouncil>,cumbria
268,104,104,2016-10-21T16:11:20Z,SCA,SCA,NMD,South Cambridgeshire,South Cambridgeshire,South Cambridgeshire District Council,,,Active,<http://opendatacommunities.org/id/district-council/south-cambridgeshire>,<http://opendatacommunities.org/def/local-government/DistrictCouncil>,south-cambridgeshire
269,103,103,2016-10-21T16:11:20Z,HUN,HUN,NMD,Huntingdonshire,Huntingdonshire,Huntingdonshire District Council,,,Active,<http://opendatacommunities.org/id/district-council/huntingdonshire>,<http://opendatacommunities.org/def/local-government/DistrictCouncil>,huntingdonshire
270,102,102,2016-10-21T16:11:20Z,FEN,FEN,NMD,Fenland,Fenland,Fenland District Council,,,Active,<http://opendatacommunities.org/id/district-council/fenland>,<http://opendatacommunities.org/def/local-government/DistrictCouncil>,fenland
271,101,101,2016-10-21T16:11:20Z,ECA,ECA,NMD,East Cambridgeshire,East Cambridgeshire,East Cambridgeshire District Council,,,Active,<http://opendatacommunities.org/id/district-council/east-cambridgeshire>,<http://opendatacommunities.org/def/local-government/DistrictCouncil>,east-cambridgeshire
272,100,100,2016-10-21T16:11:20Z,CAB,CAB,NMD,Cambridge,Cambridge,Cambridge City Council,,,Active,<http://opendatacommunities.org/id/district-council/cambridge>,<http://opendatacommunities.org/def/local-government/DistrictCouncil>,cambridge
273,99,99,2016-10-21T16:11:20Z,CAM,CAM,CTY,Cambridgeshire,Cambridgeshire,Cambridgeshire County Council,,,Active,<http://opendatacommunities.org/id/county-council/cambridgeshire>,<http://opendatacommunities.org/def/local-government/CountyCouncil>,cambridgeshire
274,98,98,2016-10-21T16:11:20Z,WYO,WYO,NMD,Wycombe,Wycombe,Wycombe District Council,,,Active,<http://opendatacommunities.org/id/district-council/wycombe>,<http://opendatacommunities.org/def/local-government/DistrictCouncil>,wycombe
275,97,97,2016-10-21T16:11:20Z,SBU,SBU,NMD,South Bucks,South Bucks,South Bucks District Council,,,Active,<http://opendatacommunities.org/id/district-council/south-bucks>,<http://opendatacommunities.org/def/local-government/DistrictCouncil>,south-bucks
276,96,96,2016-10-21T16:11:20Z,CHN,CHN,NMD,Chiltern,Chiltern,Chiltern District Council,,,Active,<http://opendatacommunities.org/id/district-council/chiltern>,<http://opendatacommunities.org/def/local-government/DistrictCouncil>,chiltern
277,95,95,2016-10-21T16:11:20Z,AYL,AYL,NMD,Aylesbury Vale,Aylesbury Vale,Aylesbury Vale District Council,,,Active,<http://opendatacommunities.org/id/district-council/aylesbury-vale>,<http://opendatacommunities.org/def/local-government/DistrictCouncil>,aylesbury-vale
278,94,94,2016-10-21T16:11:20Z,BKM,BKM,CTY,Buckinghamshire,Buckinghamshire,Buckinghamshire County Council,1905-06-19,,Active,<http://opendatacommunities.org/id/county-council/buckinghamshire>,<http://opendatacommunities.org/def/local-government/CountyCouncil>,buckinghamshire
279,93,93,2016-10-21T16:11:20Z,YOR,YOR,UA,York,York,City of York Council,1905-06-18,,Active,<http://opendatacommunities.org/id/unitary-authority/york>,<http://opendatacommunities.org/def/local-government/UnitaryAuthority>,york
280,92,92,2016-10-21T16:11:20Z,WRT,WRT,UA,Warrington,Warrington,Warrington Borough Council,1905-06-20,,Active,<http://opendatacommunities.org/id/unitary-authority/warrington>,<http://opendatacommunities.org/def/local-government/UnitaryAuthority>,warrington
281,91,91,2016-10-21T16:11:20Z,WRL,WRL,MD,Wirral,Wirral,Wirral Borough Council,1974-04-01,,Active,<http://opendatacommunities.org/id/metropolitan-district-council/wirral>,<http://opendatacommunities.org/def/local-government/MetropolitanDistrictCouncil>,wirral
282,90,90,2016-10-21T16:11:20Z,WOK,WOK,UA,Wokingham,Wokingham,Wokingham Borough Council,1905-06-20,,Active,<http://opendatacommunities.org/id/unitary-authority/wokingham>,<http://opendatacommunities.org/def/local-government/UnitaryAuthority>,wokingham
283,89,89,2016-10-21T16:11:20Z,WNM,WNM,UA,Windsor and Maidenhead,Windsor and Maidenhead,Royal Borough of Windsor and Maidenhead,1905-06-20,,Active,<http://opendatacommunities.org/id/unitary-authority/windsor-and-maidenhead>,<http://opendatacommunities.org/def/local-government/UnitaryAuthority>,windsor-and-maidenhead
284,88,88,2016-10-21T16:11:20Z,WLV,WLV,MD,Wolverhampton,Wolverhampton,City of Wolverhampton Council,1974-04-01,,Active,<http://opendatacommunities.org/id/metropolitan-district-council/wolverhampton>,<http://opendatacommunities.org/def/local-government/MetropolitanDistrictCouncil>,wolverhampton
285,87,87,2016-10-21T16:11:20Z,WLL,WLL,MD,Walsall,Walsall,Walsall Metropolitan Borough Council,1974-04-01,,Active,<http://opendatacommunities.org/id/metropolitan-district-council/walsall>,<http://opendatacommunities.org/def/local-government/MetropolitanDistrictCouncil>,walsall
286,86,86,2016-10-21T16:11:20Z,WKF,WKF,MD,Wakefield,Wakefield,Wakefield Metropolitan District Council,1974-04-01,,Active,<http://opendatacommunities.org/id/metropolitan-district-council/wakefield>,<http://opendatacommunities.org/def/local-government/MetropolitanDistrictCouncil>,wakefield
287,85,85,2016-10-21T16:11:20Z,WIL,WIL,UA,Wiltshire,Wiltshire,Wiltshire Council,2009-04-01,,Active,<http://opendatacommunities.org/id/unitary-authority/wiltshire>,<http://opendatacommunities.org/def/local-government/UnitaryAuthority>,wiltshire
288,84,84,2016-10-21T16:11:20Z,WGN,WGN,MD,Wigan,Wigan,Wigan Metropolitan Borough Council,1974-04-01,,Active,<http://opendatacommunities.org/id/metropolitan-district-council/wigan>,<http://opendatacommunities.org/def/local-government/MetropolitanDistrictCouncil>,wigan
289,83,83,2016-10-21T16:11:20Z,WBK,WBK,UA,West Berkshire,West Berkshire,West Berkshire Council,1905-06-20,,Active,<http://opendatacommunities.org/id/unitary-authority/west-berkshire>,<http://opendatacommunities.org/def/local-government/UnitaryAuthority>,west-berkshire
290,82,82,2016-10-21T16:11:20Z,TRF,TRF,MD,Trafford,Trafford,Trafford Metropolitan Borough Council,1974-04-01,,Active,<http://opendatacommunities.org/id/metropolitan-district-council/trafford>,<http://opendatacommunities.org/def/local-government/MetropolitanDistrictCouncil>,trafford
291,81,81,2016-10-21T16:11:20Z,TOB,TOB,UA,Torbay,Torbay,Torbay Council,1905-06-20,,Active,<http://opendatacommunities.org/id/unitary-authority/torbay>,<http://opendatacommunities.org/def/local-government/UnitaryAuthority>,torbay
292,80,80,2016-10-21T16:11:20Z,THR,THR,UA,Thurrock,Thurrock,Thurrock Council,1905-06-20,,Active,<http://opendatacommunities.org/id/unitary-authority/thurrock>,<http://opendatacommunities.org/def/local-government/UnitaryAuthority>,thurrock
293,79,79,2016-10-21T16:11:20Z,TFW,TFW,UA,Telford and Wrekin,Telford and Wrekin,Telford & Wrekin Council,1905-06-20,,Active,<http://opendatacommunities.org/id/unitary-authority/telford-and-wrekin>,<http://opendatacommunities.org/def/local-government/UnitaryAuthority>,telford-and-wrekin
294,78,78,2016-10-21T16:11:20Z,TAM,TAM,MD,Tameside,Tameside,Tameside Metropolitan Borough Council,1974-04-01,,Active,<http://opendatacommunities.org/id/metropolitan-district-council/tameside>,<http://opendatacommunities.org/def/local-government/MetropolitanDistrictCouncil>,tameside
295,77,77,2016-10-21T16:11:20Z,SWD,SWD,UA,Swindon,Swindon,Swindon Borough Council,1905-06-20,,Active,<http://opendatacommunities.org/id/unitary-authority/swindon>,<http://opendatacommunities.org/def/local-government/UnitaryAuthority>,swindon
296,76,76,2016-10-21T16:11:20Z,STY,STY,MD,South Tyneside,South Tyneside,South Tyneside Council,1974-04-01,,Active,<http://opendatacommunities.org/id/metropolitan-district-council/south-tyneside>,<http://opendatacommunities.org/def/local-government/MetropolitanDistrictCouncil>,south-tyneside
297,75,75,2016-10-21T16:11:20Z,STT,STT,UA,Stockton-on-Tees,Stockton-on-Tees,Stockton-on-Tees Borough Council,1905-06-18,,Active,<http://opendatacommunities.org/id/unitary-authority/stockton-on-tees>,<http://opendatacommunities.org/def/local-government/UnitaryAuthority>,stockton-on-tees
298,74,74,2016-10-21T16:11:20Z,STH,STH,UA,Southampton,Southampton,Southampton City Council,1905-06-19,,Active,<http://opendatacommunities.org/id/unitary-authority/southampton>,<http://opendatacommunities.org/def/local-government/UnitaryAuthority>,southampton
299,73,73,2016-10-21T16:11:20Z,STE,STE,UA,Stoke-on-Trent,Stoke-on-Trent,Stoke-on-Trent City Council,1905-06-20,,Active,<http://opendatacommunities.org/id/unitary-authority/stoke-on-trent>,<http://opendatacommunities.org/def/local-government/UnitaryAuthority>,stoke-on-trent
300,72,72,2016-10-21T16:11:20Z,SOS,SOS,UA,Southend-on-Sea,Southend-on-Sea,Southend-on-Sea Borough Council,1905-06-20,,Active,<http://opendatacommunities.org/id/unitary-authority/southend>,<http://opendatacommunities.org/def/local-government/UnitaryAuthority>,southend-on-sea
301,71,71,2016-10-21T16:11:20Z,SOL,SOL,MD,Solihull,Solihull,Solihull Metropolitan Borough Council,1905-05-27,,Active,<http://opendatacommunities.org/id/metropolitan-district-council/solihull>,<http://opendatacommunities.org/def/local-government/MetropolitanDistrictCouncil>,solihull
302,70,70,2016-10-21T16:11:20Z,SND,SND,MD,Sunderland,Sunderland,Sunderland City Council,1905-05-27,,Active,<http://opendatacommunities.org/id/metropolitan-district-council/sunderland>,<http://opendatacommunities.org/def/local-government/MetropolitanDistrictCouncil>,sunderland
303,69,69,2016-10-21T16:11:20Z,SLG,SLG,UA,Slough,Slough,Slough Borough Council,1998-04-01,,Active,<http://opendatacommunities.org/id/unitary-authority/slough>,<http://opendatacommunities.org/def/local-government/UnitaryAuthority>,slough
304,68,68,2016-10-21T16:11:20Z,SLF,SLF,MD,Salford,Salford,Salford City Council,1905-05-27,,Active,<http://opendatacommunities.org/id/metropolitan-district-council/salford>,<http://opendatacommunities.org/def/local-government/MetropolitanDistrictCouncil>,salford
305,67,67,2016-10-21T16:11:20Z,SKP,SKP,MD,Stockport,Stockport,Stockport Metropolitan Borough Council,1905-05-27,,Active,<http://opendatacommunities.org/id/metropolitan-district-council/stockport>,<http://opendatacommunities.org/def/local-government/MetropolitanDistrictCouncil>,stockport
306,66,66,2016-10-21T16:11:20Z,SHR,SHR,UA,Shropshire,Shropshire,Shropshire Council,2009-04-01,,Active,<http://opendatacommunities.org/id/unitary-authority/shropshire>,<http://opendatacommunities.org/def/local-government/UnitaryAuthority>,shropshire
307,65,65,2016-10-21T16:11:20Z,SHN,SHN,MD,St. Helens,St. Helens,St Helens Council,1905-06-08,,Active,<http://opendatacommunities.org/id/metropolitan-district-council/st-helens>,<http://opendatacommunities.org/def/local-government/MetropolitanDistrictCouncil>,st-helens
308,64,64,2016-10-21T16:11:20Z,SHF,SHF,MD,Sheffield,Sheffield,Sheffield City Council,1905-06-08,,Active,<http://opendatacommunities.org/id/metropolitan-district-council/sheffield>,<http://opendatacommunities.org/def/local-government/MetropolitanDistrictCouncil>,sheffield
309,63,63,2016-10-21T16:11:20Z,SGC,SGC,UA,South Gloucestershire,South Gloucestershire,South Gloucestershire Council,1905-06-18,,Active,<http://opendatacommunities.org/id/unitary-authority/south-gloucestershire>,<http://opendatacommunities.org/def/local-government/UnitaryAuthority>,south-gloucestershire
310,62,62,2016-10-21T16:11:20Z,SFT,SFT,MD,Sefton,Sefton,Sefton Metropolitan Borough Council,1905-06-08,,Active,<http://opendatacommunities.org/id/metropolitan-district-council/sefton>,<http://opendatacommunities.org/def/local-government/MetropolitanDistrictCouncil>,sefton
311,61,61,2016-10-21T16:11:20Z,SAW,SAW,MD,Sandwell,Sandwell,Sandwell Metropolitan Borough Council,1905-06-07,,Active,<http://opendatacommunities.org/id/metropolitan-district-council/sandwell>,<http://opendatacommunities.org/def/local-government/MetropolitanDistrictCouncil>,sandwell
312,60,60,2016-10-21T16:11:20Z,RUT,RUT,UA,Rutland,Rutland,Rutland County Council,1997-04-01,,Active,<http://opendatacommunities.org/id/unitary-authority/rutland>,<http://opendatacommunities.org/def/local-government/UnitaryAuthority>,rutland
313,59,59,2016-10-21T16:11:20Z,ROT,ROT,MD,Rotherham,Rotherham,Rotherham Metropolitan Borough Council,1905-05-27,,Active,<http://opendatacommunities.org/id/metropolitan-district-council/rotherham>,<http://opendatacommunities.org/def/local-government/MetropolitanDistrictCouncil>,rotherham
314,58,58,2016-10-21T16:11:20Z,RDG,RDG,UA,Reading,Reading,Reading Borough Council,1905-05-27,,Active,<http://opendatacommunities.org/id/unitary-authority/reading>,<http://opendatacommunities.org/def/local-government/UnitaryAuthority>,reading
315,57,57,2016-10-21T16:11:20Z,RCH,RCH,MD,Rochdale,Rochdale,Rochdale Metropolitan Borough Council,1905-05-27,,Active,<http://opendatacommunities.org/id/metropolitan-district-council/rochdale>,<http://opendatacommunities.org/def/local-government/MetropolitanDistrictCouncil>,rochdale
316,56,56,2016-10-21T16:11:20Z,RCC,RCC,UA,Redcar and Cleveland,Redcar and Cleveland,Redcar and Cleveland Borough Council,1996-04-01,,Active,<http://opendatacommunities.org/id/unitary-authority/redcar-and-cleveland>,<http://opendatacommunities.org/def/local-government/UnitaryAuthority>,redcar-and-cleveland
317,55,55,2016-10-21T16:11:20Z,PTE,PTE,UA,Peterborough,Peterborough,Peterborough City Council,1905-06-20,,Active,<http://opendatacommunities.org/id/unitary-authority/peterborough>,<http://opendatacommunities.org/def/local-government/UnitaryAuthority>,peterborough
318,54,54,2016-10-21T16:11:20Z,POR,POR,UA,Portsmouth,Portsmouth,Portsmouth City Council,1905-06-20,,Active,<http://opendatacommunities.org/id/unitary-authority/portsmouth>,<http://opendatacommunities.org/def/local-government/UnitaryAuthority>,portsmouth
319,52,52,2016-10-21T16:11:20Z,PLY,PLY,UA,Plymouth,Plymouth,Plymouth City Council,1998-04-01,,Active,<http://opendatacommunities.org/id/unitary-authority/plymouth>,<http://opendatacommunities.org/def/local-government/UnitaryAuthority>,plymouth
320,51,51,2016-10-21T16:11:20Z,OLD,OLD,MD,Oldham,Oldham,Oldham Metropolitan Borough Council,1905-06-07,,Active,<http://opendatacommunities.org/id/metropolitan-district-council/oldham>,<http://opendatacommunities.org/def/local-government/MetropolitanDistrictCouncil>,oldham
321,50,50,2016-10-21T16:11:20Z,NTY,NTY,MD,North Tyneside,North Tyneside,North Tyneside Council,1974-04-01,,Active,<http://opendatacommunities.org/id/metropolitan-district-council/north-tyneside>,<http://opendatacommunities.org/def/local-government/MetropolitanDistrictCouncil>,north-tyneside
322,49,49,2016-10-21T16:11:20Z,NSM,NSM,UA,North Somerset,North Somerset,North Somerset  Council,1996-04-01,,Active,<http://opendatacommunities.org/id/unitary-authority/north-somerset>,<http://opendatacommunities.org/def/local-government/UnitaryAuthority>,north-somerset
323,48,48,2016-10-21T16:11:20Z,NLN,NLN,UA,North Lincolnshire,North Lincolnshire,North Lincolnshire Council,1996-04-01,,Active,<http://opendatacommunities.org/id/unitary-authority/north-lincolnshire>,<http://opendatacommunities.org/def/local-government/UnitaryAuthority>,north-lincolnshire
324,47,47,2016-10-21T16:11:20Z,NGM,NGM,UA,Nottingham,Nottingham,Nottingham City Council,1905-06-20,,Active,<http://opendatacommunities.org/id/unitary-authority/nottingham>,<http://opendatacommunities.org/def/local-government/UnitaryAuthority>,nottingham
325,46,46,2016-10-21T16:11:20Z,NET,NET,MD,Newcastle upon Tyne,Newcastle upon Tyne,Newcastle City Council,1974-04-01,,Active,<http://opendatacommunities.org/id/metropolitan-district-council/newcastle>,<http://opendatacommunities.org/def/local-government/MetropolitanDistrictCouncil>,newcastle-upon-tyne
326,45,45,2016-10-21T16:11:20Z,NEL,NEL,UA,North East Lincolnshire,North East Lincolnshire,North East Lincolnshire Council,1996-04-01,,Active,<http://opendatacommunities.org/id/unitary-authority/north-east-lincolnshire>,<http://opendatacommunities.org/def/local-government/UnitaryAuthority>,north-east-lincolnshire
327,44,44,2016-10-21T16:11:20Z,NBL,NBL,UA,Northumberland,Northumberland,Northumberland County Council,2009-04-01,,Active,<http://opendatacommunities.org/id/unitary-authority/northumberland>,<http://opendatacommunities.org/def/local-government/UnitaryAuthority>,northumberland
328,43,43,2016-10-21T16:11:20Z,MIK,MIK,UA,Milton Keynes,Milton Keynes,Milton Keynes Council,1905-06-19,,Active,<http://opendatacommunities.org/id/unitary-authority/milton-keynes>,<http://opendatacommunities.org/def/local-government/UnitaryAuthority>,milton-keynes
329,42,42,2016-10-21T16:11:20Z,MDW,MDW,UA,Medway,Medway,Medway Council,1998-04-01,,Active,<http://opendatacommunities.org/id/unitary-authority/medway>,<http://opendatacommunities.org/def/local-government/UnitaryAuthority>,medway
330,41,41,2016-10-21T16:11:20Z,MDB,MDB,UA,Middlesbrough,Middlesbrough,Middlesbrough Borough Council,1905-06-18,,Active,<http://opendatacommunities.org/id/unitary-authority/middlesbrough>,<http://opendatacommunities.org/def/local-government/UnitaryAuthority>,middlesbrough
331,40,40,2016-10-21T16:11:20Z,MAN,MAN,MD,Manchester,Manchester,Manchester City Council,1974-04-01,,Active,<http://opendatacommunities.org/id/metropolitan-district-council/manchester>,<http://opendatacommunities.org/def/local-government/MetropolitanDistrictCouncil>,manchester
332,39,39,2016-10-21T16:11:20Z,LUT,LUT,UA,Luton,Luton,Luton Borough Council,1905-06-19,,Active,<http://opendatacommunities.org/id/unitary-authority/luton>,<http://opendatacommunities.org/def/local-government/UnitaryAuthority>,luton
333,37,37,2016-10-21T16:11:20Z,LIV,LIV,MD,Liverpool,Liverpool,Liverpool City Council,1905-06-08,,Active,<http://opendatacommunities.org/id/metropolitan-district-council/liverpool>,<http://opendatacommunities.org/def/local-government/MetropolitanDistrictCouncil>,liverpool
334,36,36,2016-10-21T16:11:20Z,LDS,LDS,MD,Leeds,Leeds,Leeds City Council,1905-06-08,,Active,<http://opendatacommunities.org/id/metropolitan-district-council/leeds>,<http://opendatacommunities.org/def/local-government/MetropolitanDistrictCouncil>,leeds
335,35,35,2016-10-21T16:11:20Z,LCE,LCE,UA,Leicester,Leicester,Leicester City Council,1905-06-19,,Active,<http://opendatacommunities.org/id/unitary-authority/leicester>,<http://opendatacommunities.org/def/local-government/UnitaryAuthority>,leicester
336,34,34,2016-10-21T16:11:20Z,KWL,KWL,MD,Knowsley,Knowsley,Knowsley Metropolitan Borough Council,1974-04-01,,Active,<http://opendatacommunities.org/id/metropolitan-district-council/knowsley>,<http://opendatacommunities.org/def/local-government/MetropolitanDistrictCouncil>,knowsley
337,33,33,2016-10-21T16:11:20Z,KIR,KIR,MD,Kirklees,Kirklees,Kirklees Council,1974-04-01,,Active,<http://opendatacommunities.org/id/metropolitan-district-council/kirklees>,<http://opendatacommunities.org/def/local-government/MetropolitanDistrictCouncil>,kirklees
338,32,32,2016-10-21T16:11:20Z,KHL,KHL,UA,Kingston upon Hull,"Kingston upon Hull, City of",Hull City Council,1996-04-01,,Active,<http://opendatacommunities.org/id/unitary-authority/hull>,<http://opendatacommunities.org/def/local-government/UnitaryAuthority>,kingston-upon-hull-city-of
339,31,31,2016-10-21T16:11:20Z,IOW,IOW,UA,Isle of Wight,Isle of Wight,Isle of Wight Council,1905-06-17,,Active,<http://opendatacommunities.org/id/unitary-authority/isle-of-wight>,<http://opendatacommunities.org/def/local-government/UnitaryAuthority>,isle-of-wight
340,30,30,2016-10-21T16:11:20Z,IOS,IOS,UA,Isles of Scilly,Isles of Scilly,Council of the Isles of Scilly,1974-04-01,,Active,<http://opendatacommunities.org/id/unitary-authority/scilly>,<http://opendatacommunities.org/def/local-government/UnitaryAuthority>,isles-of-scilly
341,29,29,2016-10-21T16:11:20Z,HPL,HPL,UA,Hartlepool,Hartlepool,Hartlepool Borough Council,1905-06-18,,Active,<http://opendatacommunities.org/id/unitary-authority/hartlepool>,<http://opendatacommunities.org/def/local-government/UnitaryAuthority>,hartlepool
342,28,28,2016-10-21T16:11:20Z,HEF,HEF,UA,Herefordshire,"Herefordshire, County of",Herefordshire Council,1998-04-01,,Active,<http://opendatacommunities.org/id/unitary-authority/herefordshire>,<http://opendatacommunities.org/def/local-government/UnitaryAuthority>,herefordshire-county-of
343,27,27,2016-10-21T16:11:20Z,HAL,HAL,UA,Halton,Halton,Halton Borough Council,1998-04-01,,Active,<http://opendatacommunities.org/id/unitary-authority/halton>,<http://opendatacommunities.org/def/local-government/UnitaryAuthority>,halton
344,25,25,2016-10-21T16:11:20Z,GAT,GAT,MD,Gateshead,Gateshead,Gateshead Metropolitan Borough Council,1974-04-01,,Active,<http://opendatacommunities.org/id/metropolitan-district-council/gateshead>,<http://opendatacommunities.org/def/local-government/MetropolitanDistrictCouncil>,gateshead
345,24,24,2016-10-21T16:11:20Z,ERY,ERY,UA,East Riding of Yorkshire,East Riding of Yorkshire,East Riding of Yorkshire Council,1996-04-01,,Active,<http://opendatacommunities.org/id/unitary-authority/east-riding>,<http://opendatacommunities.org/def/local-government/UnitaryAuthority>,east-riding-of-yorkshire
346,23,23,2016-10-21T16:11:20Z,DUR,DUR,UA,County Durham,County Durham,Durham County Council,2009-04-01,,Active,<http://opendatacommunities.org/id/unitary-authority/county-durham>,<http://opendatacommunities.org/def/local-government/UnitaryAuthority>,county-durham
347,22,22,2016-10-21T16:11:20Z,DUD,DUD,MD,Dudley,Dudley,Dudley Metropolitan Borough Council,1974-04-01,,Active,<http://opendatacommunities.org/id/metropolitan-district-council/dudley>,<http://opendatacommunities.org/def/local-government/MetropolitanDistrictCouncil>,dudley
348,21,21,2016-10-21T16:11:20Z,DNC,DNC,MD,Doncaster,Doncaster,Doncaster Metropolitan Borough Council,1974-04-01,,Active,<http://opendatacommunities.org/id/metropolitan-district-council/doncaster>,<http://opendatacommunities.org/def/local-government/MetropolitanDistrictCouncil>,doncaster
349,20,20,2016-10-21T16:11:20Z,DAL,DAL,UA,Darlington,Darlington,Darlington Borough Council,1997-04-01,,Active,<http://opendatacommunities.org/id/unitary-authority/darlington>,<http://opendatacommunities.org/def/local-government/UnitaryAuthority>,darlington
350,19,19,2016-10-21T16:11:20Z,COV,COV,MD,Coventry,Coventry,Coventry City Council,1974-04-01,,Active,<http://opendatacommunities.org/id/metropolitan-district-council/coventry>,<http://opendatacommunities.org/def/local-government/MetropolitanDistrictCouncil>,coventry
351,18,18,2016-10-21T16:11:20Z,CON,CON,UA,Cornwall,Cornwall,Cornwall Council,2009-04-01,,Active,<http://opendatacommunities.org/id/unitary-authority/cornwall>,<http://opendatacommunities.org/def/local-government/UnitaryAuthority>,cornwall
352,17,17,2016-10-21T16:11:20Z,CLD,CLD,MD,Calderdale,Calderdale,Calderdale Metropolitan Borough Council,1974-04-01,,Active,<http://opendatacommunities.org/id/metropolitan-district-council/calderdale>,<http://opendatacommunities.org/def/local-government/MetropolitanDistrictCouncil>,calderdale
353,16,16,2016-10-21T16:11:20Z,CHW,CHW,UA,Cheshire West and Chester,Cheshire West and Chester,Cheshire West and Chester Council,2009-04-01,,Active,<http://opendatacommunities.org/id/unitary-authority/cheshire-west-and-chester>,<http://opendatacommunities.org/def/local-government/UnitaryAuthority>,cheshire-west-and-chester
354,15,15,2016-10-21T16:11:20Z,CHE,CHE,UA,Cheshire East,Cheshire East,Cheshire East Council,2009-04-01,,Active,<http://opendatacommunities.org/id/unitary-authority/cheshire-east>,<http://opendatacommunities.org/def/local-government/UnitaryAuthority>,cheshire-east
355,14,14,2016-10-21T16:11:20Z,CBF,CBF,UA,Central Bedfordshire,Central Bedfordshire,Central Bedfordshire Council,2009-04-01,,Active,<http://opendatacommunities.org/id/unitary-authority/central-bedfordshire>,<http://opendatacommunities.org/def/local-government/UnitaryAuthority>,central-bedfordshire
356,13,13,2016-10-21T16:11:20Z,BUR,BUR,MD,Bury,Bury,Bury Metropolitan Borough Council,1974-04-01,,Active,<http://opendatacommunities.org/id/metropolitan-district-council/bury>,<http://opendatacommunities.org/def/local-government/MetropolitanDistrictCouncil>,bury
357,12,12,2016-10-21T16:11:20Z,BST,BST,UA,City of Bristol,City of Bristol,Bristol City Council,1905-06-18,,Active,<http://opendatacommunities.org/id/unitary-authority/bristol>,<http://opendatacommunities.org/def/local-government/UnitaryAuthority>,bristol
358,11,11,2016-10-21T16:11:20Z,BRD,BRD,MD,Bradford,Bradford,City of Bradford Metropolitan District Council,1974-04-01,,Active,<http://opendatacommunities.org/id/metropolitan-district-council/bradford>,<http://opendatacommunities.org/def/local-government/MetropolitanDistrictCouncil>,bradford
359,10,10,2016-10-21T16:11:20Z,BRC,BRC,UA,Bracknell Forest,Bracknell Forest,Bracknell Forest Council,1998-04-01,,Active,<http://opendatacommunities.org/id/unitary-authority/bracknell-forest>,<http://opendatacommunities.org/def/local-government/UnitaryAuthority>,bracknell-forest
360,9,9,2016-10-21T16:11:20Z,BPL,BPL,UA,Blackpool,Blackpool,Blackpool Borough Council,1905-06-20,,Active,<http://opendatacommunities.org/id/unitary-authority/blackpool>,<http://opendatacommunities.org/def/local-government/UnitaryAuthority>,blackpool
361,8,8,2016-10-21T16:11:20Z,BOL,BOL,MD,Bolton,Bolton,Bolton Metropolitan Borough Council,1974-04-01,,Active,<http://opendatacommunities.org/id/metropolitan-district-council/bolton>,<http://opendatacommunities.org/def/local-government/MetropolitanDistrictCouncil>,bolton
362,7,7,2016-10-21T16:11:20Z,BNS,BNS,MD,Barnsley,Barnsley,Barnsley Metropolitan Borough Council,1974-04-01,,Active,<http://opendatacommunities.org/id/metropolitan-district-council/barnsley>,<http://opendatacommunities.org/def/local-government/MetropolitanDistrictCouncil>,barnsley
363,6,6,2016-10-21T16:11:20Z,BNH,BNH,UA,Brighton and Hove,Brighton and Hove,Brighton and Hove City Council,1905-06-19,,Active,<http://opendatacommunities.org/id/unitary-authority/brighton-and-hove>,<http://opendatacommunities.org/def/local-government/UnitaryAuthority>,brighton-and-hove
364,3,3,2016-10-21T16:11:20Z,BDF,BDF,UA,Bedford,Bedford,Bedford Borough Council,2009-04-01,,Active,<http://opendatacommunities.org/id/unitary-authority/bedford>,<http://opendatacommunities.org/def/local-government/UnitaryAuthority>,bedford
365,2,2,2016-10-21T16:11:20Z,BBD,BBD,UA,Blackburn with Darwen,Blackburn with Darwen,Blackburn with Darwen Borough Council,1998-04-01,,Active,<http://opendatacommunities.org/id/unitary-authority/blackburn>,<http://opendatacommunities.org/def/local-government/UnitaryAuthority>,blackburn-with-darwen
366,1,1,2016-10-21T16:11:20Z,BAS,BAS,UA,Bath and North East Somerset,Bath and North East Somerset,Bath and North East Somerset Council,1996-04-01,,Active,<http://opendatacommunities.org/id/unitary-authority/bath-and-north-east-somerset>,<http://opendatacommunities.org/def/local-government/UnitaryAuthority>,bath-and-north-east-somerset
