TAXON_NAME,RECORD_KEY,SAMPLE_KEY,TAXON_VERSION_KEY,SENSITIVE,START_DATE,END_DATE,DATE_TYPE,SITE_KEY,EAST,NORTH,EAST_100,NORTH_100,PROJECTION,PRECISION,RECORDER,SOURCE,NON_NATIVE_SP,PROTECTED,TAXON_LIST_ITEM_KEY,AGENCY_AREA
Serratella ignita,B4W_191773,7536,NBNSYS0100005496,F,09/07/1992,09/07/1992,D,499,479175,482323,479100,482300,OSGB,100,Environment Agency,BIOSYS,F,F,NBNSYS0100045764,NORTH EAST - YORKSHIRE
Gammarus pulex/fossarum agg.,B4W_191792,7536,NHMSYS0021164662,F,09/07/1992,09/07/1992,D,499,479175,482323,479100,482300,OSGB,100,Environment Agency,BIOSYS,F,F,NHMSYS0021164689,NORTH EAST - YORKSHIRE
Atherix,B4W_259456,7475,NBNSYS0000042243,F,09/03/1992,09/03/1992,D,146,476254,507615,476200,507600,OSGB,100,Environment Agency,BIOSYS,F,F,NBNSYS0100042343,NORTH EAST - YORKSHIRE
Serratella ignita,B4W_83985,10142,NBNSYS0100005496,F,16/07/1996,16/07/1996,D,319,427067,478780,427000,478700,OSGB,100,Environment Agency,BIOSYS,F,F,NBNSYS0100045764,NORTH EAST - YORKSHIRE
Cheumatopsyche lepida,B4W_11829964,10142,NBNSYS0000008412,F,16/07/1996,16/07/1996,D,319,427067,478780,427000,478700,OSGB,100,Environment Agency,BIOSYS,F,F,NBNSYS0100043386,NORTH EAST - YORKSHIRE
Hydropsyche,B4W_83974,10142,NBNSYS0000042279,F,16/07/1996,16/07/1996,D,319,427067,478780,427000,478700,OSGB,100,Environment Agency,BIOSYS,F,F,NBNSYS0100047477,NORTH EAST - YORKSHIRE
Riolus,B4W_11829962,10142,NBNSYS0000137400,F,16/07/1996,16/07/1996,D,319,427067,478780,427000,478700,OSGB,100,Environment Agency,BIOSYS,F,F,NBNSYS0100052136,NORTH EAST - YORKSHIRE
Asellus aquaticus,B4W_169033,10229,NBNSYS0000008589,F,28/10/1997,28/10/1997,D,293,443296,471412,443200,471400,OSGB,100,Environment Agency,BIOSYS,F,F,NBNSYS0100042296,NORTH EAST - YORKSHIRE
Hydropsyche,B4W_79295,348,NBNSYS0000042279,F,19/10/1993,19/10/1993,D,221,448257,456271,448200,456200,OSGB,100,Environment Agency,BIOSYS,F,F,NBNSYS0100047477,NORTH EAST - YORKSHIRE
Asellus aquaticus,B4W_79324,367,NBNSYS0000008589,F,06/07/1994,06/07/1994,D,151,463300,464500,463300,464500,OSGB,100,Environment Agency,BIOSYS,F,F,NBNSYS0100042296,NORTH EAST - YORKSHIRE
Hydropsyche angustipennis,B4W_79334,367,NBNSYS0000008413,F,06/07/1994,06/07/1994,D,151,463300,464500,463300,464500,OSGB,100,Environment Agency,BIOSYS,F,F,NBNSYS0100047478,NORTH EAST - YORKSHIRE
Limnephilus,B4W_79336,367,NBNSYS0000134593,F,06/07/1994,06/07/1994,D,151,463300,464500,463300,464500,OSGB,100,Environment Agency,BIOSYS,F,F,NBNSYS0100048114,NORTH EAST - YORKSHIRE
Atherix,B4W_64429,386,NBNSYS0000042243,F,14/03/1995,14/03/1995,D,341,399731,463920,399700,463900,OSGB,100,Environment Agency,BIOSYS,F,F,NBNSYS0100042343,NORTH EAST - YORKSHIRE
Ithytrichia,B4W_11832876,386,NBNSYS0000134173,F,14/03/1995,14/03/1995,D,341,399731,463920,399700,463900,OSGB,100,Environment Agency,BIOSYS,F,F,NBNSYS0100047693,NORTH EAST - YORKSHIRE
Asellus aquaticus,B4W_259578,468,NBNSYS0000008589,F,28/10/1997,28/10/1997,D,295,436389,479785,436300,479700,OSGB,100,Environment Agency,BIOSYS,F,F,NBNSYS0100042296,NORTH EAST - YORKSHIRE
Atherix,B4W_259597,468,NBNSYS0000042243,F,28/10/1997,28/10/1997,D,295,436389,479785,436300,479700,OSGB,100,Environment Agency,BIOSYS,F,F,NBNSYS0100042343,NORTH EAST - YORKSHIRE
Hydropsyche,B4W_259588,468,NBNSYS0000042279,F,28/10/1997,28/10/1997,D,295,436389,479785,436300,479700,OSGB,100,Environment Agency,BIOSYS,F,F,NBNSYS0100047477,NORTH EAST - YORKSHIRE
Asellus aquaticus,B4W_169291,473,NBNSYS0000008589,F,07/08/1997,07/08/1997,D,293,443296,471412,443200,471400,OSGB,100,Environment Agency,BIOSYS,F,F,NBNSYS0100042296,NORTH EAST - YORKSHIRE
Atherix,B4W_169290,473,NBNSYS0000042243,F,07/08/1997,07/08/1997,D,293,443296,471412,443200,471400,OSGB,100,Environment Agency,BIOSYS,F,F,NBNSYS0100042343,NORTH EAST - YORKSHIRE
Serratella ignita,B4W_169286,473,NBNSYS0100005496,F,07/08/1997,07/08/1997,D,293,443296,471412,443200,471400,OSGB,100,Environment Agency,BIOSYS,F,F,NBNSYS0100045764,NORTH EAST - YORKSHIRE
Hydropsyche,B4W_169296,473,NBNSYS0000042279,F,07/08/1997,07/08/1997,D,293,443296,471412,443200,471400,OSGB,100,Environment Agency,BIOSYS,F,F,NBNSYS0100047477,NORTH EAST - YORKSHIRE
Asellus aquaticus,B4W_7920345,1427,NBNSYS0000008589,F,06/08/1996,06/08/1996,D,1660,423603,604966,423600,604900,OSGB,100,Environment Agency,BIOSYS,F,F,NBNSYS0100042296,NORTH EAST - NORTH EAST
Serratella ignita,B4W_7920349,1427,NBNSYS0100005496,F,06/08/1996,06/08/1996,D,1660,423603,604966,423600,604900,OSGB,100,Environment Agency,BIOSYS,F,F,NBNSYS0100045764,NORTH EAST - NORTH EAST
Atherix,B4W_217627,4338,NBNSYS0000042243,F,11/05/1995,11/05/1995,D,347,443144,445827,443100,445800,OSGB,100,Environment Agency,BIOSYS,F,F,NBNSYS0100042343,NORTH EAST - YORKSHIRE
Cheumatopsyche lepida,B4W_11830157,4338,NBNSYS0000008412,F,11/05/1995,11/05/1995,D,347,443144,445827,443100,445800,OSGB,100,Environment Agency,BIOSYS,F,F,NBNSYS0100043386,NORTH EAST - YORKSHIRE
Serratella ignita,B4W_217638,4338,NBNSYS0100005496,F,11/05/1995,11/05/1995,D,347,443144,445827,443100,445800,OSGB,100,Environment Agency,BIOSYS,F,F,NBNSYS0100045764,NORTH EAST - YORKSHIRE
Asellus aquaticus,B4W_167095,4390,NBNSYS0000008589,F,28/09/1995,28/09/1995,D,315,446700,462200,446700,462200,OSGB,100,Environment Agency,BIOSYS,F,F,NBNSYS0100042296,NORTH EAST - YORKSHIRE
Asellus aquaticus,B4W_83789,4414,NBNSYS0000008589,F,10/07/1996,10/07/1996,D,236,459144,445488,459100,445400,OSGB,100,Environment Agency,BIOSYS,F,F,NBNSYS0100042296,NORTH EAST - YORKSHIRE
Limnephilus lunatus,B4W_83785,4414,NBNSYS0000008483,F,10/07/1996,10/07/1996,D,236,459144,445488,459100,445400,OSGB,100,Environment Agency,BIOSYS,F,F,NBNSYS0100048132,NORTH EAST - YORKSHIRE
Hemiclepsis marginata,B4W_11881159,4414,NHMSYS0000068875,F,10/07/1996,10/07/1996,D,236,459144,445488,459100,445400,OSGB,100,Environment Agency,BIOSYS,F,F,NBNSYS0100047160,NORTH EAST - YORKSHIRE
Asellus aquaticus,B4W_259468,4428,NBNSYS0000008589,F,26/09/1996,26/09/1996,D,147,486842,508170,486800,508100,OSGB,100,Environment Agency,BIOSYS,F,F,NBNSYS0100042296,NORTH EAST - YORKSHIRE
Hemiclepsis marginata,B4W_259465,4428,NHMSYS0000068875,F,26/09/1996,26/09/1996,D,147,486842,508170,486800,508100,OSGB,100,Environment Agency,BIOSYS,F,F,NBNSYS0100047160,NORTH EAST - YORKSHIRE
Asellus aquaticus,B4W_88089,4433,NBNSYS0000008589,F,17/10/1996,17/10/1996,D,319,427067,478780,427000,478700,OSGB,100,Environment Agency,BIOSYS,F,F,NBNSYS0100042296,NORTH EAST - YORKSHIRE
Cheumatopsyche lepida,B4W_11829976,4433,NBNSYS0000008412,F,17/10/1996,17/10/1996,D,319,427067,478780,427000,478700,OSGB,100,Environment Agency,BIOSYS,F,F,NBNSYS0100043386,NORTH EAST - YORKSHIRE
Asellus aquaticus,B4W_167667,4441,NBNSYS0000008589,F,16/07/1996,16/07/1996,D,315,446700,462200,446700,462200,OSGB,100,Environment Agency,BIOSYS,F,F,NBNSYS0100042296,NORTH EAST - YORKSHIRE
Serratella ignita,B4W_167676,4441,NBNSYS0100005496,F,16/07/1996,16/07/1996,D,315,446700,462200,446700,462200,OSGB,100,Environment Agency,BIOSYS,F,F,NBNSYS0100045764,NORTH EAST - YORKSHIRE
Atherix,B4W_167737,4449,NBNSYS0000042243,F,14/07/1997,14/07/1997,D,344,408314,450001,408300,450000,OSGB,100,Environment Agency,BIOSYS,F,F,NBNSYS0100042343,NORTH EAST - YORKSHIRE
Serratella ignita,B4W_167741,4449,NBNSYS0100005496,F,14/07/1997,14/07/1997,D,344,408314,450001,408300,450000,OSGB,100,Environment Agency,BIOSYS,F,F,NBNSYS0100045764,NORTH EAST - YORKSHIRE
Serratella ignita,B4W_168008,4456,NBNSYS0100005496,F,14/07/1997,14/07/1997,D,1000,413723,448162,413700,448100,OSGB,100,Environment Agency,BIOSYS,F,F,NBNSYS0100045764,NORTH EAST - YORKSHIRE
Asellus aquaticus,B4W_168253,4458,NBNSYS0000008589,F,14/07/1997,14/07/1997,D,347,443144,445827,443100,445800,OSGB,100,Environment Agency,BIOSYS,F,F,NBNSYS0100042296,NORTH EAST - YORKSHIRE
Serratella ignita,B4W_168258,4458,NBNSYS0100005496,F,14/07/1997,14/07/1997,D,347,443144,445827,443100,445800,OSGB,100,Environment Agency,BIOSYS,F,F,NBNSYS0100045764,NORTH EAST - YORKSHIRE
Hydropsyche,B4W_168243,4458,NBNSYS0000042279,F,14/07/1997,14/07/1997,D,347,443144,445827,443100,445800,OSGB,100,Environment Agency,BIOSYS,F,F,NBNSYS0100047477,NORTH EAST - YORKSHIRE
Serratella ignita,B4W_168630,4460,NBNSYS0100005496,F,15/07/1997,15/07/1997,D,316,387700,490400,387700,490400,OSGB,100,Environment Agency,BIOSYS,F,F,NBNSYS0100045764,NORTH EAST - YORKSHIRE
Cheumatopsyche lepida,B4W_168658,4461,NBNSYS0000008412,F,11/04/1997,11/04/1997,D,322,399827,488688,399800,488600,OSGB,100,Environment Agency,BIOSYS,F,F,NBNSYS0100043386,NORTH EAST - YORKSHIRE
Atherix,B4W_168678,4462,NBNSYS0000042243,F,15/07/1997,15/07/1997,D,322,399827,488688,399800,488600,OSGB,100,Environment Agency,BIOSYS,F,F,NBNSYS0100042343,NORTH EAST - YORKSHIRE
Serratella ignita,B4W_168682,4462,NBNSYS0100005496,F,15/07/1997,15/07/1997,D,322,399827,488688,399800,488600,OSGB,100,Environment Agency,BIOSYS,F,F,NBNSYS0100045764,NORTH EAST - YORKSHIRE
Atherix,B4W_168765,4463,NBNSYS0000042243,F,15/07/1997,15/07/1997,D,314,409190,489411,409100,489400,OSGB,100,Environment Agency,BIOSYS,F,F,NBNSYS0100042343,NORTH EAST - YORKSHIRE
Serratella ignita,B4W_168756,4463,NBNSYS0100005496,F,15/07/1997,15/07/1997,D,314,409190,489411,409100,489400,OSGB,100,Environment Agency,BIOSYS,F,F,NBNSYS0100045764,NORTH EAST - YORKSHIRE
Hydropsyche,B4W_168774,4463,NBNSYS0000042279,F,15/07/1997,15/07/1997,D,314,409190,489411,409100,489400,OSGB,100,Environment Agency,BIOSYS,F,F,NBNSYS0100047477,NORTH EAST - YORKSHIRE
Cheumatopsyche lepida,B4W_168866,4465,NBNSYS0000008412,F,11/04/1997,11/04/1997,D,319,427067,478780,427000,478700,OSGB,100,Environment Agency,BIOSYS,F,F,NBNSYS0100043386,NORTH EAST - YORKSHIRE
Asellus aquaticus,B4W_259389,4466,NBNSYS0000008589,F,11/04/1997,11/04/1997,D,594,433400,469900,433400,469900,OSGB,100,Environment Agency,BIOSYS,F,F,NBNSYS0100042296,NORTH EAST - YORKSHIRE
Cheumatopsyche lepida,B4W_259399,4466,NBNSYS0000008412,F,11/04/1997,11/04/1997,D,594,433400,469900,433400,469900,OSGB,100,Environment Agency,BIOSYS,F,F,NBNSYS0100043386,NORTH EAST - YORKSHIRE
Asellus aquaticus,B4W_259305,4472,NBNSYS0000008589,F,17/04/1997,17/04/1997,D,596,439334,466256,439300,466200,OSGB,100,Environment Agency,BIOSYS,F,F,NBNSYS0100042296,NORTH EAST - YORKSHIRE
Asellus aquaticus,B4W_169419,4470,NBNSYS0000008589,F,16/04/1997,16/04/1997,D,315,446700,462200,446700,462200,OSGB,100,Environment Agency,BIOSYS,F,F,NBNSYS0100042296,NORTH EAST - YORKSHIRE
Asellus aquaticus,B4W_169782,4474,NBNSYS0000008589,F,20/05/1997,20/05/1997,D,1316,459554,452082,459500,452000,OSGB,100,Environment Agency,BIOSYS,F,F,NBNSYS0100042296,NORTH EAST - YORKSHIRE
Serratella ignita,B4W_43134,4544,NBNSYS0100005496,F,16/09/1992,16/09/1992,D,499,479175,482323,479100,482300,OSGB,100,Environment Agency,BIOSYS,F,F,NBNSYS0100045764,NORTH EAST - YORKSHIRE
Hydropsyche,B4W_11774430,4544,NBNSYS0000042279,F,16/09/1992,16/09/1992,D,499,479175,482323,479100,482300,OSGB,100,Environment Agency,BIOSYS,F,F,NBNSYS0100047477,NORTH EAST - YORKSHIRE
Gammarus pulex/fossarum agg.,B4W_43140,4544,NHMSYS0021164662,F,16/09/1992,16/09/1992,D,499,479175,482323,479100,482300,OSGB,100,Environment Agency,BIOSYS,F,F,NHMSYS0021164689,NORTH EAST - YORKSHIRE
Atherix,B4W_259334,4629,NBNSYS0000042243,F,02/10/1990,02/10/1990,D,332,481600,500300,481600,500300,OSGB,100,Environment Agency,BIOSYS,F,F,NBNSYS0100042343,NORTH EAST - YORKSHIRE
Hydropsyche,B4W_167122,4718,NBNSYS0000042279,F,26/09/1995,26/09/1995,D,197,487252,507154,487200,507100,OSGB,100,Environment Agency,BIOSYS,F,F,NBNSYS0100047477,NORTH EAST - YORKSHIRE
Cheumatopsyche lepida,B4W_11882809,4721,NBNSYS0000008412,F,04/04/1996,04/04/1996,D,343,403199,461076,403100,461000,OSGB,100,Environment Agency,BIOSYS,F,F,NBNSYS0100043386,NORTH EAST - YORKSHIRE
Atherix,B4W_167211,4724,NBNSYS0000042243,F,03/04/1996,03/04/1996,D,968,407221,452861,407200,452800,OSGB,100,Environment Agency,BIOSYS,F,F,NBNSYS0100042343,NORTH EAST - YORKSHIRE
Cheumatopsyche lepida,B4W_167226,4724,NBNSYS0000008412,F,03/04/1996,03/04/1996,D,968,407221,452861,407200,452800,OSGB,100,Environment Agency,BIOSYS,F,F,NBNSYS0100043386,NORTH EAST - YORKSHIRE
Ithytrichia,B4W_167222,4724,NBNSYS0000134173,F,03/04/1996,03/04/1996,D,968,407221,452861,407200,452800,OSGB,100,Environment Agency,BIOSYS,F,F,NBNSYS0100047693,NORTH EAST - YORKSHIRE
Asellus aquaticus,B4W_167730,4731,NBNSYS0000008589,F,02/04/1997,02/04/1997,D,336,392600,478400,392600,478400,OSGB,100,Environment Agency,BIOSYS,F,F,NBNSYS0100042296,NORTH EAST - YORKSHIRE
Hydropsyche,B4W_167731,4731,NBNSYS0000042279,F,02/04/1997,02/04/1997,D,336,392600,478400,392600,478400,OSGB,100,Environment Agency,BIOSYS,F,F,NBNSYS0100047477,NORTH EAST - YORKSHIRE
Riolus,B4W_167726,4731,NBNSYS0000137400,F,02/04/1997,02/04/1997,D,336,392600,478400,392600,478400,OSGB,100,Environment Agency,BIOSYS,F,F,NBNSYS0100052136,NORTH EAST - YORKSHIRE
Atherix,B4W_79055,5118,NBNSYS0000042243,F,08/05/1991,08/05/1991,D,339,418788,445491,418700,445400,OSGB,100,Environment Agency,BIOSYS,F,F,NBNSYS0100042343,NORTH EAST - YORKSHIRE
Atherix,B4W_79042,5234,NBNSYS0000042243,F,09/05/1990,09/05/1990,D,339,418788,445491,418700,445400,OSGB,100,Environment Agency,BIOSYS,F,F,NBNSYS0100042343,NORTH EAST - YORKSHIRE
Atherix,B4W_259047,5282,NBNSYS0000042243,F,14/11/1990,14/11/1990,D,335,428800,445500,428800,445500,OSGB,100,Environment Agency,BIOSYS,F,F,NBNSYS0100042343,NORTH EAST - YORKSHIRE
Serratella ignita,B4W_79315,5322,NBNSYS0100005496,F,03/06/1994,03/06/1994,D,147,486842,508170,486800,508100,OSGB,100,Environment Agency,BIOSYS,F,F,NBNSYS0100045764,NORTH EAST - YORKSHIRE
Hydropsyche,B4W_79312,5322,NBNSYS0000042279,F,03/06/1994,03/06/1994,D,147,486842,508170,486800,508100,OSGB,100,Environment Agency,BIOSYS,F,F,NBNSYS0100047477,NORTH EAST - YORKSHIRE
Atherix,B4W_218884,5440,NBNSYS0000042243,F,02/10/1996,02/10/1996,D,343,403199,461076,403100,461000,OSGB,100,Environment Agency,BIOSYS,F,F,NBNSYS0100042343,NORTH EAST - YORKSHIRE
Serratella ignita,B4W_218899,5440,NBNSYS0100005496,F,02/10/1996,02/10/1996,D,343,403199,461076,403100,461000,OSGB,100,Environment Agency,BIOSYS,F,F,NBNSYS0100045764,NORTH EAST - YORKSHIRE
Ithytrichia,B4W_218889,5440,NBNSYS0000134173,F,02/10/1996,02/10/1996,D,343,403199,461076,403100,461000,OSGB,100,Environment Agency,BIOSYS,F,F,NBNSYS0100047693,NORTH EAST - YORKSHIRE
Riolus,B4W_11882827,5440,NBNSYS0000137400,F,02/10/1996,02/10/1996,D,343,403199,461076,403100,461000,OSGB,100,Environment Agency,BIOSYS,F,F,NBNSYS0100052136,NORTH EAST - YORKSHIRE
Asellus aquaticus,B4W_88282,5445,NBNSYS0000008589,F,12/11/1996,12/11/1996,D,237,456002,455094,456000,455000,OSGB,100,Environment Agency,BIOSYS,F,F,NBNSYS0100042296,NORTH EAST - YORKSHIRE
Ceraclea nigronervosa,B4W_11877180,5445,NBNSYS0000008520,F,12/11/1996,12/11/1996,D,237,456002,455094,456000,455000,OSGB,100,Environment Agency,BIOSYS,F,F,NBNSYS0100043180,NORTH EAST - YORKSHIRE
Pseudanodonta complanata,B4W_11877182,5445,NBNSYS0000006784,F,12/11/1996,12/11/1996,D,237,456002,455094,456000,455000,OSGB,100,Environment Agency,BIOSYS,F,T,NBNSYS0100051727,NORTH EAST - YORKSHIRE
Pseudanodonta complanata,B4W_259601,468,NBNSYS0000006784,F,28/10/1997,28/10/1997,D,295,436389,479785,436300,479700,OSGB,100,Environment Agency,BIOSYS,F,T,NBNSYS0100051727,NORTH EAST - YORKSHIRE
Pseudanodonta complanata,B4W_169780,4474,NBNSYS0000006784,F,20/05/1997,20/05/1997,D,1316,459554,452082,459500,452000,OSGB,100,Environment Agency,BIOSYS,F,T,NBNSYS0100051727,NORTH EAST - YORKSHIRE
Dugesia,B4W_7920260,1427,NBNSYS0000188430,F,06/08/1996,06/08/1996,D,1660,423603,604966,423600,604900,OSGB,100,Environment Agency,BIOSYS,F,F,NBNSYS0100045541,NORTH EAST - NORTH EAST
Dugesia,B4W_168252,4458,NBNSYS0000188430,F,14/07/1997,14/07/1997,D,347,443144,445827,443100,445800,OSGB,100,Environment Agency,BIOSYS,F,F,NBNSYS0100045541,NORTH EAST - YORKSHIRE
Dugesia,B4W_11885120,4470,NBNSYS0000188430,F,16/04/1997,16/04/1997,D,315,446700,462200,446700,462200,OSGB,100,Environment Agency,BIOSYS,F,F,NBNSYS0100045541,NORTH EAST - YORKSHIRE
Dugesia,B4W_11877184,5445,NBNSYS0000188430,F,12/11/1996,12/11/1996,D,237,456002,455094,456000,455000,OSGB,100,Environment Agency,BIOSYS,F,F,NBNSYS0100045541,NORTH EAST - YORKSHIRE
Haliplus fluviatilis,B4W_7920355,1427,NBNSYS0000007498,F,06/08/1996,06/08/1996,D,1660,423603,604966,423600,604900,OSGB,100,Environment Agency,BIOSYS,F,F,NBNSYS0100047015,NORTH EAST - NORTH EAST
Athripsodes cinereus,B4W_259476,4428,NBNSYS0000008514,F,26/09/1996,26/09/1996,D,147,486842,508170,486800,508100,OSGB,100,Environment Agency,BIOSYS,F,F,NBNSYS0100042351,NORTH EAST - YORKSHIRE
Athripsodes cinereus,B4W_169773,4474,NBNSYS0000008514,F,20/05/1997,20/05/1997,D,1316,459554,452082,459500,452000,OSGB,100,Environment Agency,BIOSYS,F,F,NBNSYS0100042351,NORTH EAST - YORKSHIRE
Nemoura,B4W_259478,4428,NBNSYS0000042301,F,26/09/1996,26/09/1996,D,147,486842,508170,486800,508100,OSGB,100,Environment Agency,BIOSYS,F,F,NBNSYS0100049579,NORTH EAST - YORKSHIRE
Nemoura,B4W_168654,4461,NBNSYS0000042301,F,11/04/1997,11/04/1997,D,322,399827,488688,399800,488600,OSGB,100,Environment Agency,BIOSYS,F,F,NBNSYS0100049579,NORTH EAST - YORKSHIRE
Nemoura,B4W_169471,4734,NBNSYS0000042301,F,02/04/1997,02/04/1997,D,562,416784,455430,416700,455400,OSGB,100,Environment Agency,BIOSYS,F,F,NBNSYS0100049579,NORTH EAST - YORKSHIRE
Tipula lateralis,B4W_95543,4461,NBNSYS0000008034,F,11/04/1997,11/04/1997,D,322,399827,488688,399800,488600,OSGB,100,Environment Agency,BIOSYS,F,F,NBNSYS0100054042,NORTH EAST - YORKSHIRE
Atherix,B4W_79160,5649,NBNSYS0000042243,F,11/05/1993,11/05/1993,D,147,486842,508170,486800,508100,OSGB,100,Environment Agency,BIOSYS,F,F,NBNSYS0100042343,NORTH EAST - YORKSHIRE
Baetis vernus,B4W_79155,5649,NBNSYS0000010871,F,11/05/1993,11/05/1993,D,147,486842,508170,486800,508100,OSGB,100,Environment Agency,BIOSYS,F,F,NBNSYS0100042493,NORTH EAST - YORKSHIRE
Serratella ignita,B4W_79167,5649,NBNSYS0100005496,F,11/05/1993,11/05/1993,D,147,486842,508170,486800,508100,OSGB,100,Environment Agency,BIOSYS,F,F,NBNSYS0100045764,NORTH EAST - YORKSHIRE
Hydropsyche,B4W_79159,5649,NBNSYS0000042279,F,11/05/1993,11/05/1993,D,147,486842,508170,486800,508100,OSGB,100,Environment Agency,BIOSYS,F,F,NBNSYS0100047477,NORTH EAST - YORKSHIRE
Serratella ignita,B4W_79255,5657,NBNSYS0100005496,F,03/11/1993,03/11/1993,D,339,418788,445491,418700,445400,OSGB,100,Environment Agency,BIOSYS,F,F,NBNSYS0100045764,NORTH EAST - YORKSHIRE
Hydropsyche,B4W_79243,5657,NBNSYS0000042279,F,03/11/1993,03/11/1993,D,339,418788,445491,418700,445400,OSGB,100,Environment Agency,BIOSYS,F,F,NBNSYS0100047477,NORTH EAST - YORKSHIRE
Asellus aquaticus,B4W_85985,5717,NBNSYS0000008589,F,10/10/1996,10/10/1996,D,337,425779,445876,425700,445800,OSGB,100,Environment Agency,BIOSYS,F,F,NBNSYS0100042296,NORTH EAST - YORKSHIRE
Dugesia,B4W_85988,5717,NBNSYS0000188430,F,10/10/1996,10/10/1996,D,337,425779,445876,425700,445800,OSGB,100,Environment Agency,BIOSYS,F,F,NBNSYS0100045541,NORTH EAST - YORKSHIRE
Cheumatopsyche lepida,B4W_11882121,5717,NBNSYS0000008412,F,10/10/1996,10/10/1996,D,337,425779,445876,425700,445800,OSGB,100,Environment Agency,BIOSYS,F,F,NBNSYS0100043386,NORTH EAST - YORKSHIRE
Athripsodes cinereus,B4W_86031,5718,NBNSYS0000008514,F,10/10/1996,10/10/1996,D,344,408314,450001,408300,450000,OSGB,100,Environment Agency,BIOSYS,F,F,NBNSYS0100042351,NORTH EAST - YORKSHIRE
Asellus aquaticus,B4W_88236,5724,NBNSYS0000008589,F,10/10/1996,10/10/1996,D,1328,416500,447400,416500,447400,OSGB,100,Environment Agency,BIOSYS,F,F,NBNSYS0100042296,NORTH EAST - YORKSHIRE
Athripsodes cinereus,B4W_88253,5724,NBNSYS0000008514,F,10/10/1996,10/10/1996,D,1328,416500,447400,416500,447400,OSGB,100,Environment Agency,BIOSYS,F,F,NBNSYS0100042351,NORTH EAST - YORKSHIRE
Cheumatopsyche lepida,B4W_11881240,5724,NBNSYS0000008412,F,10/10/1996,10/10/1996,D,1328,416500,447400,416500,447400,OSGB,100,Environment Agency,BIOSYS,F,F,NBNSYS0100043386,NORTH EAST - YORKSHIRE
Asellus aquaticus,B4W_259063,5725,NBNSYS0000008589,F,23/10/1996,23/10/1996,D,969,430904,445964,430900,445900,OSGB,100,Environment Agency,BIOSYS,F,F,NBNSYS0100042296,NORTH EAST - YORKSHIRE
Cheumatopsyche lepida,B4W_259077,5725,NBNSYS0000008412,F,23/10/1996,23/10/1996,D,969,430904,445964,430900,445900,OSGB,100,Environment Agency,BIOSYS,F,F,NBNSYS0100043386,NORTH EAST - YORKSHIRE
Agabus didymus,B4W_259373,5732,NBNSYS0000007593,F,04/10/1996,04/10/1996,D,153,463302,460990,463300,460900,OSGB,100,Environment Agency,BIOSYS,F,F,NBNSYS0100041764,NORTH EAST - YORKSHIRE
Asellus aquaticus,B4W_259360,5732,NBNSYS0000008589,F,04/10/1996,04/10/1996,D,153,463302,460990,463300,460900,OSGB,100,Environment Agency,BIOSYS,F,F,NBNSYS0100042296,NORTH EAST - YORKSHIRE
Theromyzon tessulatum,B4W_259359,5732,NHMSYS0000068877,F,04/10/1996,04/10/1996,D,153,463302,460990,463300,460900,OSGB,100,Environment Agency,BIOSYS,F,F,NBNSYS0100053946,NORTH EAST - YORKSHIRE
Asellus aquaticus,B4W_167653,5733,NBNSYS0000008589,F,04/10/1996,04/10/1996,D,151,463300,464500,463300,464500,OSGB,100,Environment Agency,BIOSYS,F,F,NBNSYS0100042296,NORTH EAST - YORKSHIRE
Hydropsyche angustipennis,B4W_167650,5733,NBNSYS0000008413,F,04/10/1996,04/10/1996,D,151,463300,464500,463300,464500,OSGB,100,Environment Agency,BIOSYS,F,F,NBNSYS0100047478,NORTH EAST - YORKSHIRE
Asellus aquaticus,B4W_167766,5741,NBNSYS0000008589,F,28/10/1997,28/10/1997,D,315,446700,462200,446700,462200,OSGB,100,Environment Agency,BIOSYS,F,F,NBNSYS0100042296,NORTH EAST - YORKSHIRE
Asellus aquaticus,B4W_167938,5746,NBNSYS0000008589,F,12/03/1997,12/03/1997,D,337,425779,445876,425700,445800,OSGB,100,Environment Agency,BIOSYS,F,F,NBNSYS0100042296,NORTH EAST - YORKSHIRE
Cheumatopsyche lepida,B4W_167947,5746,NBNSYS0000008412,F,12/03/1997,12/03/1997,D,337,425779,445876,425700,445800,OSGB,100,Environment Agency,BIOSYS,F,F,NBNSYS0100043386,NORTH EAST - YORKSHIRE
Hydropsyche,B4W_167944,5746,NBNSYS0000042279,F,12/03/1997,12/03/1997,D,337,425779,445876,425700,445800,OSGB,100,Environment Agency,BIOSYS,F,F,NBNSYS0100047477,NORTH EAST - YORKSHIRE
Dugesia,B4W_168273,5752,NBNSYS0000188430,F,11/07/1997,11/07/1997,D,968,407221,452861,407200,452800,OSGB,100,Environment Agency,BIOSYS,F,F,NBNSYS0100045541,NORTH EAST - YORKSHIRE
Serratella ignita,B4W_168267,5752,NBNSYS0100005496,F,11/07/1997,11/07/1997,D,968,407221,452861,407200,452800,OSGB,100,Environment Agency,BIOSYS,F,F,NBNSYS0100045764,NORTH EAST - YORKSHIRE
Ceraclea nigronervosa,B4W_168721,5762,NBNSYS0000008520,F,14/10/1997,14/10/1997,D,322,399827,488688,399800,488600,OSGB,100,Environment Agency,BIOSYS,F,F,NBNSYS0100043180,NORTH EAST - YORKSHIRE
Atherix,B4W_169136,5764,NBNSYS0000042243,F,16/05/1997,16/05/1997,D,291,414500,500700,414500,500700,OSGB,100,Environment Agency,BIOSYS,F,F,NBNSYS0100042343,NORTH EAST - YORKSHIRE
Serratella ignita,B4W_169137,5764,NBNSYS0100005496,F,16/05/1997,16/05/1997,D,291,414500,500700,414500,500700,OSGB,100,Environment Agency,BIOSYS,F,F,NBNSYS0100045764,NORTH EAST - YORKSHIRE
Serratella ignita,B4W_169563,5770,NBNSYS0100005496,F,24/09/1997,24/09/1997,D,276,395500,470400,395500,470400,OSGB,100,Environment Agency,BIOSYS,F,F,NBNSYS0100045764,NORTH EAST - YORKSHIRE
Hydraena,B4W_169561,5770,NBNSYS0000042276,F,24/09/1997,24/09/1997,D,276,395500,470400,395500,470400,OSGB,100,Environment Agency,BIOSYS,F,F,NBNSYS0100047352,NORTH EAST - YORKSHIRE
Serratella ignita,B4W_169575,5771,NBNSYS0100005496,F,25/09/1997,25/09/1997,D,324,423113,446457,423100,446400,OSGB,100,Environment Agency,BIOSYS,F,F,NBNSYS0100045764,NORTH EAST - YORKSHIRE
Nemoura,B4W_169581,5771,NBNSYS0000042301,F,25/09/1997,25/09/1997,D,324,423113,446457,423100,446400,OSGB,100,Environment Agency,BIOSYS,F,F,NBNSYS0100049579,NORTH EAST - YORKSHIRE
Theromyzon tessulatum,B4W_169588,5771,NHMSYS0000068877,F,25/09/1997,25/09/1997,D,324,423113,446457,423100,446400,OSGB,100,Environment Agency,BIOSYS,F,F,NBNSYS0100053946,NORTH EAST - YORKSHIRE
Asellus aquaticus,B4W_169675,5774,NBNSYS0000008589,F,29/10/1997,29/10/1997,D,1495,452042,458093,452000,458000,OSGB,100,Environment Agency,BIOSYS,F,F,NBNSYS0100042296,NORTH EAST - YORKSHIRE
Ceraclea nigronervosa,B4W_169681,5774,NBNSYS0000008520,F,29/10/1997,29/10/1997,D,1495,452042,458093,452000,458000,OSGB,100,Environment Agency,BIOSYS,F,F,NBNSYS0100043180,NORTH EAST - YORKSHIRE
Asellus aquaticus,B4W_168398,5757,NBNSYS0000008589,F,25/09/1997,25/09/1997,D,1327,448562,443688,448500,443600,OSGB,100,Environment Agency,BIOSYS,F,F,NBNSYS0100042296,NORTH EAST - YORKSHIRE
Cheumatopsyche lepida,B4W_168413,5757,NBNSYS0000008412,F,25/09/1997,25/09/1997,D,1327,448562,443688,448500,443600,OSGB,100,Environment Agency,BIOSYS,F,F,NBNSYS0100043386,NORTH EAST - YORKSHIRE
Asellus aquaticus,B4W_168515,5759,NBNSYS0000008589,F,25/09/1997,25/09/1997,D,1328,416500,447400,416500,447400,OSGB,100,Environment Agency,BIOSYS,F,F,NBNSYS0100042296,NORTH EAST - YORKSHIRE
Cheumatopsyche lepida,B4W_168534,5759,NBNSYS0000008412,F,25/09/1997,25/09/1997,D,1328,416500,447400,416500,447400,OSGB,100,Environment Agency,BIOSYS,F,F,NBNSYS0100043386,NORTH EAST - YORKSHIRE
Serratella ignita,B4W_168522,5759,NBNSYS0100005496,F,25/09/1997,25/09/1997,D,1328,416500,447400,416500,447400,OSGB,100,Environment Agency,BIOSYS,F,F,NBNSYS0100045764,NORTH EAST - YORKSHIRE
Hydropsyche angustipennis,B4W_168533,5759,NBNSYS0000008413,F,25/09/1997,25/09/1997,D,1328,416500,447400,416500,447400,OSGB,100,Environment Agency,BIOSYS,F,F,NBNSYS0100047478,NORTH EAST - YORKSHIRE
Atherix,B4W_79297,6055,NBNSYS0000042243,F,16/06/1994,16/06/1994,D,338,423400,445700,423400,445700,OSGB,100,Environment Agency,BIOSYS,F,F,NBNSYS0100042343,NORTH EAST - YORKSHIRE
Cheumatopsyche lepida,B4W_79298,6055,NBNSYS0000008412,F,16/06/1994,16/06/1994,D,338,423400,445700,423400,445700,OSGB,100,Environment Agency,BIOSYS,F,F,NBNSYS0100043386,NORTH EAST - YORKSHIRE
Serratella ignita,B4W_79299,6055,NBNSYS0100005496,F,16/06/1994,16/06/1994,D,338,423400,445700,423400,445700,OSGB,100,Environment Agency,BIOSYS,F,F,NBNSYS0100045764,NORTH EAST - YORKSHIRE
Riolus,B4W_79308,6055,NBNSYS0000137400,F,16/06/1994,16/06/1994,D,338,423400,445700,423400,445700,OSGB,100,Environment Agency,BIOSYS,F,F,NBNSYS0100052136,NORTH EAST - YORKSHIRE
Athripsodes cinereus,B4W_7923834,6421,NBNSYS0000008514,F,08/09/1998,08/09/1998,D,1660,423603,604966,423600,604900,OSGB,100,Environment Agency,BIOSYS,F,F,NBNSYS0100042351,NORTH EAST - NORTH EAST
Agraylea multipunctata,B4W_7923828,6421,NBNSYS0000008349,F,08/09/1998,08/09/1998,D,1660,423603,604966,423600,604900,OSGB,100,Environment Agency,BIOSYS,F,F,NBNSYS0100041782,NORTH EAST - NORTH EAST
Asellus aquaticus,B4W_7923801,6421,NBNSYS0000008589,F,08/09/1998,08/09/1998,D,1660,423603,604966,423600,604900,OSGB,100,Environment Agency,BIOSYS,F,F,NBNSYS0100042296,NORTH EAST - NORTH EAST
Dugesia,B4W_7923786,6421,NBNSYS0000188430,F,08/09/1998,08/09/1998,D,1660,423603,604966,423600,604900,OSGB,100,Environment Agency,BIOSYS,F,F,NBNSYS0100045541,NORTH EAST - NORTH EAST
Serratella ignita,B4W_7923811,6421,NBNSYS0100005496,F,08/09/1998,08/09/1998,D,1660,423603,604966,423600,604900,OSGB,100,Environment Agency,BIOSYS,F,F,NBNSYS0100045764,NORTH EAST - NORTH EAST
Simulium,B4W_7923841,6421,NBNSYS0000137777,F,08/09/1998,08/09/1998,D,1660,423603,604966,423600,604900,OSGB,100,Environment Agency,BIOSYS,F,F,NBNSYS0100052558,NORTH EAST - NORTH EAST
Asellus aquaticus,B4W_169877,6617,NBNSYS0000008589,F,12/08/1998,12/08/1998,D,323,439684,466992,439600,466900,OSGB,100,Environment Agency,BIOSYS,F,F,NBNSYS0100042296,NORTH EAST - YORKSHIRE
Atherix,B4W_169890,6617,NBNSYS0000042243,F,12/08/1998,12/08/1998,D,323,439684,466992,439600,466900,OSGB,100,Environment Agency,BIOSYS,F,F,NBNSYS0100042343,NORTH EAST - YORKSHIRE
Serratella ignita,B4W_169884,6617,NBNSYS0100005496,F,12/08/1998,12/08/1998,D,323,439684,466992,439600,466900,OSGB,100,Environment Agency,BIOSYS,F,F,NBNSYS0100045764,NORTH EAST - YORKSHIRE
Simulium,B4W_169873,6617,NBNSYS0000137777,F,12/08/1998,12/08/1998,D,323,439684,466992,439600,466900,OSGB,100,Environment Agency,BIOSYS,F,F,NBNSYS0100052558,NORTH EAST - YORKSHIRE
Nemoura,B4W_4756293,224581,NBNSYS0000042301,F,12/06/1989,12/06/1989,D,66797,371059,413528,371000,413500,OSGB,100,Environment Agency,BIOSYS,F,F,NBNSYS0100049579,NORTH WEST - SOUTH
Dicranota (Dicranota),B4W_4203589,224889,NBNSYS0100011345,F,03/07/1989,03/07/1989,D,66201,386847,422497,386800,422400,OSGB,100,Environment Agency,BIOSYS,F,F,NBNSYS0100045286,NORTH WEST - SOUTH
Sisyra,B4W_169585,5771,NBNSYS0000137797,F,25/09/1997,25/09/1997,D,324,423113,446457,423100,446400,OSGB,100,Environment Agency,BIOSYS,F,F,NBNSYS0100052610,NORTH EAST - YORKSHIRE
Procloeon bifidum,B4W_7923805,6421,NBNSYS0000010876,F,08/09/1998,08/09/1998,D,1660,423603,604966,423600,604900,OSGB,100,Environment Agency,BIOSYS,F,F,NBNSYS0100051602,NORTH EAST - NORTH EAST
Dicranota (Dicranota),B4W_4203311,224702,NBNSYS0100011345,F,20/06/1989,20/06/1989,D,68370,376402,353924,376400,353900,OSGB,100,Environment Agency,BIOSYS,F,F,NBNSYS0100045286,NORTH WEST - SOUTH
Dicranota (Dicranota),B4W_4203345,224765,NBNSYS0100011345,F,21/06/1989,21/06/1989,D,66244,401300,396300,401300,396300,OSGB,100,Environment Agency,BIOSYS,F,F,NBNSYS0100045286,NORTH WEST - SOUTH
Dicranota (Dicranota),B4W_4203358,224776,NBNSYS0100011345,F,21/06/1989,21/06/1989,D,66939,405400,393700,405400,393700,OSGB,100,Environment Agency,BIOSYS,F,F,NBNSYS0100045286,NORTH WEST - SOUTH
Dicranota (Dicranota),B4W_4203361,224781,NBNSYS0100011345,F,21/06/1989,21/06/1989,D,68144,404028,394025,404000,394000,OSGB,100,Environment Agency,BIOSYS,F,F,NBNSYS0100045286,NORTH WEST - SOUTH
Dicranota (Dicranota),B4W_4203470,224822,NBNSYS0100011345,F,26/06/1989,26/06/1989,D,65547,355300,359900,355300,359900,OSGB,100,Environment Agency,BIOSYS,F,F,NBNSYS0100045286,NORTH WEST - SOUTH
Dicranota (Dicranota),B4W_4203482,224826,NBNSYS0100011345,F,26/06/1989,26/06/1989,D,69395,356800,359400,356800,359400,OSGB,100,Environment Agency,BIOSYS,F,F,NBNSYS0100045286,NORTH WEST - SOUTH
Dicranota (Dicranota),B4W_4203504,224837,NBNSYS0100011345,F,26/06/1989,26/06/1989,D,67253,350046,366644,350000,366600,OSGB,100,Environment Agency,BIOSYS,F,F,NBNSYS0100045286,NORTH WEST - SOUTH
Calopteryx splendens,B4W_167792,5741,NBNSYS0000005617,F,28/10/1997,28/10/1997,D,315,446700,462200,446700,462200,OSGB,100,Environment Agency,BIOSYS,F,F,NBNSYS0100042920,NORTH EAST - YORKSHIRE
Dicranota (Dicranota),B4W_4756322,224895,NBNSYS0100011345,F,03/07/1989,03/07/1989,D,66185,394900,379600,394900,379600,OSGB,100,Environment Agency,BIOSYS,F,F,NBNSYS0100045286,NORTH WEST - SOUTH
Dicranota (Dicranota),B4W_4203597,224897,NBNSYS0100011345,F,03/07/1989,03/07/1989,D,68008,381140,422656,381100,422600,OSGB,100,Environment Agency,BIOSYS,F,F,NBNSYS0100045286,NORTH WEST - SOUTH
Dicranota (Dicranota),B4W_4756329,224903,NBNSYS0100011345,F,03/07/1989,03/07/1989,D,65662,381000,425200,381000,425200,OSGB,100,Environment Agency,BIOSYS,F,F,NBNSYS0100045286,NORTH WEST - SOUTH
Asellus aquaticus,B4W_4203636,224915,NBNSYS0000008589,F,03/07/1989,03/07/1989,D,69412,394402,376489,394400,376400,OSGB,100,Environment Agency,BIOSYS,F,F,NBNSYS0100042296,NORTH WEST - SOUTH
Dicranota (Dicranota),B4W_4203638,224915,NBNSYS0100011345,F,03/07/1989,03/07/1989,D,69412,394402,376489,394400,376400,OSGB,100,Environment Agency,BIOSYS,F,F,NBNSYS0100045286,NORTH WEST - SOUTH
Asellus aquaticus,B4W_4203689,224946,NBNSYS0000008589,F,03/07/1989,03/07/1989,D,66058,387700,381800,387700,381800,OSGB,100,Environment Agency,BIOSYS,F,F,NBNSYS0100042296,NORTH WEST - SOUTH
Asellus aquaticus,B4W_4756331,224961,NBNSYS0000008589,F,04/07/1989,04/07/1989,D,68368,370600,378600,370600,378600,OSGB,100,Environment Agency,BIOSYS,F,F,NBNSYS0100042296,NORTH WEST - SOUTH
Dicranota (Dicranota),B4W_4203708,224962,NBNSYS0100011345,F,04/07/1989,04/07/1989,D,65654,364800,377400,364800,377400,OSGB,100,Environment Agency,BIOSYS,F,F,NBNSYS0100045286,NORTH WEST - SOUTH
Asellus aquaticus,B4W_4203713,224966,NBNSYS0000008589,F,04/07/1989,04/07/1989,D,67166,364966,376168,364900,376100,OSGB,100,Environment Agency,BIOSYS,F,F,NBNSYS0100042296,NORTH WEST - SOUTH
Dicranota (Dicranota),B4W_4203715,224966,NBNSYS0100011345,F,04/07/1989,04/07/1989,D,67166,364966,376168,364900,376100,OSGB,100,Environment Agency,BIOSYS,F,F,NBNSYS0100045286,NORTH WEST - SOUTH
Dicranota (Dicranota),B4W_4756338,224970,NBNSYS0100011345,F,04/07/1989,04/07/1989,D,68139,383596,423275,383500,423200,OSGB,100,Environment Agency,BIOSYS,F,F,NBNSYS0100045286,NORTH WEST - SOUTH
Asellus aquaticus,B4W_4203732,224982,NBNSYS0000008589,F,04/07/1989,04/07/1989,D,68342,370297,375970,370200,375900,OSGB,100,Environment Agency,BIOSYS,F,F,NBNSYS0100042296,NORTH WEST - SOUTH
Dicranota (Dicranota),B4W_4203736,224986,NBNSYS0100011345,F,04/07/1989,04/07/1989,D,66923,370733,375597,370700,375500,OSGB,100,Environment Agency,BIOSYS,F,F,NBNSYS0100045286,NORTH WEST - SOUTH
Dicranota (Dicranota),B4W_4203757,225007,NBNSYS0100011345,F,04/07/1989,04/07/1989,D,69352,374600,374300,374600,374300,OSGB,100,Environment Agency,BIOSYS,F,F,NBNSYS0100045286,NORTH WEST - SOUTH
Dicranota (Dicranota),B4W_4203760,225013,NBNSYS0100011345,F,04/07/1989,04/07/1989,D,68662,375500,372800,375500,372800,OSGB,100,Environment Agency,BIOSYS,F,F,NBNSYS0100045286,NORTH WEST - SOUTH
Asellus aquaticus,B4W_4751562,225020,NBNSYS0000008589,F,04/07/1989,04/07/1989,D,66888,377900,370200,377900,370200,OSGB,100,Environment Agency,BIOSYS,F,F,NBNSYS0100042296,NORTH WEST - SOUTH
Dicranota (Dicranota),B4W_4751564,225020,NBNSYS0100011345,F,04/07/1989,04/07/1989,D,66888,377900,370200,377900,370200,OSGB,100,Environment Agency,BIOSYS,F,F,NBNSYS0100045286,NORTH WEST - SOUTH
Asellus aquaticus,B4W_4203782,225027,NBNSYS0000008589,F,04/07/1989,04/07/1989,D,65539,380101,372406,380100,372400,OSGB,100,Environment Agency,BIOSYS,F,F,NBNSYS0100042296,NORTH WEST - SOUTH
Dicranota (Dicranota),B4W_4203784,225027,NBNSYS0100011345,F,04/07/1989,04/07/1989,D,65539,380101,372406,380100,372400,OSGB,100,Environment Agency,BIOSYS,F,F,NBNSYS0100045286,NORTH WEST - SOUTH
Dicranota (Dicranota),B4W_4203812,225144,NBNSYS0100011345,F,12/07/1989,12/07/1989,D,67130,394071,371673,394000,371600,OSGB,100,Environment Agency,BIOSYS,F,F,NBNSYS0100045286,NORTH WEST - SOUTH
Asellus aquaticus,B4W_4268996,233184,NBNSYS0000008589,F,20/02/1991,20/02/1991,D,66826,348235,364787,348200,364700,OSGB,100,Environment Agency,BIOSYS,F,F,NBNSYS0100042296,NORTH WEST - SOUTH
Asellus aquaticus,B4W_4269005,233200,NBNSYS0000008589,F,20/02/1991,20/02/1991,D,68488,349300,367500,349300,367500,OSGB,100,Environment Agency,BIOSYS,F,F,NBNSYS0100042296,NORTH WEST - SOUTH
Asellus aquaticus,B4W_4269029,233230,NBNSYS0000008589,F,21/02/1991,21/02/1991,D,65615,347672,369859,347600,369800,OSGB,100,Environment Agency,BIOSYS,F,F,NBNSYS0100042296,NORTH WEST - SOUTH
Asellus aquaticus,B4W_4269032,233236,NBNSYS0000008589,F,21/02/1991,21/02/1991,D,68360,347897,370102,347800,370100,OSGB,100,Environment Agency,BIOSYS,F,F,NBNSYS0100042296,NORTH WEST - SOUTH
Asellus aquaticus,B4W_4269049,233265,NBNSYS0000008589,F,21/02/1991,21/02/1991,D,66889,343104,374544,343100,374500,OSGB,100,Environment Agency,BIOSYS,F,F,NBNSYS0100042296,NORTH WEST - SOUTH
Asellus aquaticus,B4W_4757697,233206,NBNSYS0000008589,F,21/02/1991,21/02/1991,D,68460,346631,367344,346600,367300,OSGB,100,Environment Agency,BIOSYS,F,F,NBNSYS0100042296,NORTH WEST - SOUTH
Dicranota (Dicranota),B4W_4757747,233370,NBNSYS0100011345,F,04/03/1991,04/03/1991,D,66928,376400,366400,376400,366400,OSGB,100,Environment Agency,BIOSYS,F,F,NBNSYS0100045286,NORTH WEST - SOUTH
Dicranota (Dicranota),B4W_4757750,233383,NBNSYS0100011345,F,04/03/1991,04/03/1991,D,68357,375236,359218,375200,359200,OSGB,100,Environment Agency,BIOSYS,F,F,NBNSYS0100045286,NORTH WEST - SOUTH
Asellus aquaticus,B4W_4750420,233279,NBNSYS0000008589,F,21/02/1991,21/02/1991,D,67098,347606,376836,347600,376800,OSGB,100,Environment Agency,BIOSYS,F,F,NBNSYS0100042296,NORTH WEST - SOUTH
Dicranota (Dicranota),B4W_4269416,233373,NBNSYS0100011345,F,04/03/1991,04/03/1991,D,64831,383000,356900,383000,356900,OSGB,100,Environment Agency,BIOSYS,F,F,NBNSYS0100045286,NORTH WEST - SOUTH
Dicranota (Dicranota),B4W_4269445,233411,NBNSYS0100011345,F,05/03/1991,05/03/1991,D,66201,386847,422497,386800,422400,OSGB,100,Environment Agency,BIOSYS,F,F,NBNSYS0100045286,NORTH WEST - SOUTH
Asellus aquaticus,B4W_4269458,233424,NBNSYS0000008589,F,05/03/1991,05/03/1991,D,66783,387000,424600,387000,424600,OSGB,100,Environment Agency,BIOSYS,F,F,NBNSYS0100042296,NORTH WEST - SOUTH
Dicranota (Dicranota),B4W_4269459,233424,NBNSYS0100011345,F,05/03/1991,05/03/1991,D,66783,387000,424600,387000,424600,OSGB,100,Environment Agency,BIOSYS,F,F,NBNSYS0100045286,NORTH WEST - SOUTH
Dicranota (Dicranota),B4W_4269490,233442,NBNSYS0100011345,F,05/03/1991,05/03/1991,D,68290,383700,423200,383700,423200,OSGB,100,Environment Agency,BIOSYS,F,F,NBNSYS0100045286,NORTH WEST - SOUTH
Dicranota (Dicranota),B4W_4269534,233499,NBNSYS0100011345,F,06/03/1991,06/03/1991,D,68330,400100,366400,400100,366400,OSGB,100,Environment Agency,BIOSYS,F,F,NBNSYS0100045286,NORTH WEST - SOUTH
Asellus aquaticus,B4W_4269584,233518,NBNSYS0000008589,F,06/03/1991,06/03/1991,D,68186,377802,421937,377800,421900,OSGB,100,Environment Agency,BIOSYS,F,F,NBNSYS0100042296,NORTH WEST - SOUTH
Dicranota (Dicranota),B4W_4269607,233535,NBNSYS0100011345,F,06/03/1991,06/03/1991,D,68667,392200,364700,392200,364700,OSGB,100,Environment Agency,BIOSYS,F,F,NBNSYS0100045286,NORTH WEST - SOUTH
Asellus aquaticus,B4W_4269631,233552,NBNSYS0000008589,F,06/03/1991,06/03/1991,D,67803,378982,414938,378900,414900,OSGB,100,Environment Agency,BIOSYS,F,F,NBNSYS0100042296,NORTH WEST - SOUTH
Asellus aquaticus,B4W_4751743,233496,NBNSYS0000008589,F,05/03/1991,05/03/1991,D,66926,380100,421900,380100,421900,OSGB,100,Environment Agency,BIOSYS,F,F,NBNSYS0100042296,NORTH WEST - SOUTH
Asellus aquaticus,B4W_4757770,233590,NBNSYS0000008589,F,07/03/1991,07/03/1991,D,64857,376749,404358,376700,404300,OSGB,100,Environment Agency,BIOSYS,F,F,NBNSYS0100042296,NORTH WEST - SOUTH
Asellus aquaticus,B4W_4269670,233588,NBNSYS0000008589,F,07/03/1991,07/03/1991,D,67275,376300,405200,376300,405200,OSGB,100,Environment Agency,BIOSYS,F,F,NBNSYS0100042296,NORTH WEST - SOUTH
Asellus aquaticus,B4W_4271313,234353,NBNSYS0000008589,F,09/05/1991,09/05/1991,D,68026,376600,393800,376600,393800,OSGB,100,Environment Agency,BIOSYS,F,F,NBNSYS0100042296,NORTH WEST - SOUTH
Asellus aquaticus,B4W_4271317,234365,NBNSYS0000008589,F,09/05/1991,09/05/1991,D,66747,365300,388700,365300,388700,OSGB,100,Environment Agency,BIOSYS,F,F,NBNSYS0100042296,NORTH WEST - SOUTH
Asellus aquaticus,B4W_4271323,234376,NBNSYS0000008589,F,09/05/1991,09/05/1991,D,67431,384279,393822,384200,393800,OSGB,100,Environment Agency,BIOSYS,F,F,NBNSYS0100042296,NORTH WEST - SOUTH
Asellus aquaticus,B4W_4271330,234379,NBNSYS0000008589,F,09/05/1991,09/05/1991,D,67704,391907,385004,391900,385000,OSGB,100,Environment Agency,BIOSYS,F,F,NBNSYS0100042296,NORTH WEST - SOUTH
Asellus aquaticus,B4W_4271334,234384,NBNSYS0000008589,F,09/05/1991,09/05/1991,D,68826,389300,386300,389300,386300,OSGB,100,Environment Agency,BIOSYS,F,F,NBNSYS0100042296,NORTH WEST - SOUTH
Asellus aquaticus,B4W_4271341,234390,NBNSYS0000008589,F,09/05/1991,09/05/1991,D,69523,387100,389900,387100,389900,OSGB,100,Environment Agency,BIOSYS,F,F,NBNSYS0100042296,NORTH WEST - SOUTH
Asellus aquaticus,B4W_4271342,234394,NBNSYS0000008589,F,09/05/1991,09/05/1991,D,66173,389100,396000,389100,396000,OSGB,100,Environment Agency,BIOSYS,F,F,NBNSYS0100042296,NORTH WEST - SOUTH
Asellus aquaticus,B4W_4271344,234398,NBNSYS0000008589,F,09/05/1991,09/05/1991,D,65567,385800,394800,385800,394800,OSGB,100,Environment Agency,BIOSYS,F,F,NBNSYS0100042296,NORTH WEST - SOUTH
Asellus aquaticus,B4W_4271347,234402,NBNSYS0000008589,F,09/05/1991,09/05/1991,D,67463,384252,393853,384200,393800,OSGB,100,Environment Agency,BIOSYS,F,F,NBNSYS0100042296,NORTH WEST - SOUTH
Nemoura,B4W_4271351,234430,NBNSYS0000042301,F,15/05/1991,15/05/1991,D,67478,397500,410300,397500,410300,OSGB,100,Environment Agency,BIOSYS,F,F,NBNSYS0100049579,NORTH WEST - SOUTH
Dicranota (Dicranota),B4W_4203863,225205,NBNSYS0100011345,F,12/07/1989,12/07/1989,D,64897,376900,383700,376900,383700,OSGB,100,Environment Agency,BIOSYS,F,F,NBNSYS0100045286,NORTH WEST - SOUTH
Asellus aquaticus,B4W_4757918,234377,NBNSYS0000008589,F,09/05/1991,09/05/1991,D,64836,392500,385300,392500,385300,OSGB,100,Environment Agency,BIOSYS,F,F,NBNSYS0100042296,NORTH WEST - SOUTH
Dicranota (Dicranota),B4W_4203877,225276,NBNSYS0100011345,F,20/07/1989,20/07/1989,D,63323,395488,406140,395400,406100,OSGB,100,Environment Agency,BIOSYS,F,F,NBNSYS0100045286,NORTH WEST - SOUTH
Dicranota (Dicranota),B4W_4204010,225368,NBNSYS0100011345,F,26/07/1989,26/07/1989,D,66818,391952,408654,391900,408600,OSGB,100,Environment Agency,BIOSYS,F,F,NBNSYS0100045286,NORTH WEST - SOUTH
Dicranota (Dicranota),B4W_4204072,225402,NBNSYS0100011345,F,27/07/1989,27/07/1989,D,67746,391905,385015,391900,385000,OSGB,100,Environment Agency,BIOSYS,F,F,NBNSYS0100045286,NORTH WEST - SOUTH
Dicranota (Dicranota),B4W_4204098,225408,NBNSYS0100011345,F,27/07/1989,27/07/1989,D,66365,390300,385800,390300,385800,OSGB,100,Environment Agency,BIOSYS,F,F,NBNSYS0100045286,NORTH WEST - SOUTH
Dicranota (Dicranota),B4W_4204260,225467,NBNSYS0100011345,F,01/08/1989,01/08/1989,D,65597,398500,392900,398500,392900,OSGB,100,Environment Agency,BIOSYS,F,F,NBNSYS0100045286,NORTH WEST - SOUTH
Dicranota (Dicranota),B4W_4204276,225474,NBNSYS0100011345,F,01/08/1989,01/08/1989,D,67780,401300,396400,401300,396400,OSGB,100,Environment Agency,BIOSYS,F,F,NBNSYS0100045286,NORTH WEST - SOUTH
Dicranota (Dicranota),B4W_4204306,225500,NBNSYS0100011345,F,01/08/1989,01/08/1989,D,68435,404800,394100,404800,394100,OSGB,100,Environment Agency,BIOSYS,F,F,NBNSYS0100045286,NORTH WEST - SOUTH
Dicranota (Dicranota),B4W_4204365,225630,NBNSYS0100011345,F,10/08/1989,10/08/1989,D,65634,402331,380073,402300,380000,OSGB,100,Environment Agency,BIOSYS,F,F,NBNSYS0100045286,NORTH WEST - SOUTH
Dicranota (Dicranota),B4W_4204371,225636,NBNSYS0100011345,F,10/08/1989,10/08/1989,D,66101,401263,381535,401200,381500,OSGB,100,Environment Agency,BIOSYS,F,F,NBNSYS0100045286,NORTH WEST - SOUTH
Dicranota (Dicranota),B4W_4204430,225702,NBNSYS0100011345,F,11/08/1989,11/08/1989,D,68891,406700,380900,406700,380900,OSGB,100,Environment Agency,BIOSYS,F,F,NBNSYS0100045286,NORTH WEST - SOUTH
Dicranota (Dicranota),B4W_4204439,225705,NBNSYS0100011345,F,11/08/1989,11/08/1989,D,67149,405700,379700,405700,379700,OSGB,100,Environment Agency,BIOSYS,F,F,NBNSYS0100045286,NORTH WEST - SOUTH
Dicranota (Dicranota),B4W_4204798,225980,NBNSYS0100011345,F,07/09/1989,07/09/1989,D,66514,398187,412071,398100,412000,OSGB,100,Environment Agency,BIOSYS,F,F,NBNSYS0100045286,NORTH WEST - SOUTH
Dicranota (Dicranota),B4W_4204879,226180,NBNSYS0100011345,F,25/09/1989,25/09/1989,D,65540,353129,360185,353100,360100,OSGB,100,Environment Agency,BIOSYS,F,F,NBNSYS0100045286,NORTH WEST - SOUTH
Dicranota (Dicranota),B4W_4205225,226296,NBNSYS0100011345,F,03/10/1989,03/10/1989,D,69412,394402,376489,394400,376400,OSGB,100,Environment Agency,BIOSYS,F,F,NBNSYS0100045286,NORTH WEST - SOUTH
Dicranota (Dicranota),B4W_4205230,226301,NBNSYS0100011345,F,03/10/1989,03/10/1989,D,67569,394416,378398,394400,378300,OSGB,100,Environment Agency,BIOSYS,F,F,NBNSYS0100045286,NORTH WEST - SOUTH
Dicranota (Dicranota),B4W_4205242,226308,NBNSYS0100011345,F,03/10/1989,03/10/1989,D,67988,393576,377903,393500,377900,OSGB,100,Environment Agency,BIOSYS,F,F,NBNSYS0100045286,NORTH WEST - SOUTH
Dicranota (Dicranota),B4W_4756497,226322,NBNSYS0100011345,F,03/10/1989,03/10/1989,D,68147,389968,381229,389900,381200,OSGB,100,Environment Agency,BIOSYS,F,F,NBNSYS0100045286,NORTH WEST - SOUTH
Dicranota (Dicranota),B4W_4205296,226369,NBNSYS0100011345,F,04/10/1989,04/10/1989,D,68291,384200,425700,384200,425700,OSGB,100,Environment Agency,BIOSYS,F,F,NBNSYS0100045286,NORTH WEST - SOUTH
Dicranota (Dicranota),B4W_4205378,226571,NBNSYS0100011345,F,12/10/1989,12/10/1989,D,67178,369200,410500,369200,410500,OSGB,100,Environment Agency,BIOSYS,F,F,NBNSYS0100045286,NORTH WEST - SOUTH
Dicranota (Dicranota),B4W_4205417,226589,NBNSYS0100011345,F,13/10/1989,13/10/1989,D,65603,373306,412113,373300,412100,OSGB,100,Environment Agency,BIOSYS,F,F,NBNSYS0100045286,NORTH WEST - SOUTH
Dicranota (Dicranota),B4W_4205472,226653,NBNSYS0100011345,F,19/10/1989,19/10/1989,D,65834,379629,351505,379600,351500,OSGB,100,Environment Agency,BIOSYS,F,F,NBNSYS0100045286,NORTH WEST - SOUTH
Dicranota (Dicranota),B4W_4205486,226670,NBNSYS0100011345,F,19/10/1989,19/10/1989,D,66805,375203,351535,375200,351500,OSGB,100,Environment Agency,BIOSYS,F,F,NBNSYS0100045286,NORTH WEST - SOUTH
Dicranota (Dicranota),B4W_4205498,226679,NBNSYS0100011345,F,19/10/1989,19/10/1989,D,66342,371234,355247,371200,355200,OSGB,100,Environment Agency,BIOSYS,F,F,NBNSYS0100045286,NORTH WEST - SOUTH
Dicranota (Dicranota),B4W_4205524,226699,NBNSYS0100011345,F,23/10/1989,23/10/1989,D,68108,392783,371638,392700,371600,OSGB,100,Environment Agency,BIOSYS,F,F,NBNSYS0100045286,NORTH WEST - SOUTH
Dicranota (Dicranota),B4W_4756524,226725,NBNSYS0100011345,F,23/10/1989,23/10/1989,D,64897,376900,383700,376900,383700,OSGB,100,Environment Agency,BIOSYS,F,F,NBNSYS0100045286,NORTH WEST - SOUTH
Dicranota (Dicranota),B4W_4205629,226741,NBNSYS0100011345,F,24/10/1989,24/10/1989,D,67365,377394,378651,377300,378600,OSGB,100,Environment Agency,BIOSYS,F,F,NBNSYS0100045286,NORTH WEST - SOUTH
Dicranota (Dicranota),B4W_4756529,226743,NBNSYS0100011345,F,24/10/1989,24/10/1989,D,67366,377390,378668,377300,378600,OSGB,100,Environment Agency,BIOSYS,F,F,NBNSYS0100045286,NORTH WEST - SOUTH
Dicranota (Dicranota),B4W_4205767,226817,NBNSYS0100011345,F,02/11/1989,02/11/1989,D,69656,366100,376000,366100,376000,OSGB,100,Environment Agency,BIOSYS,F,F,NBNSYS0100045286,NORTH WEST - SOUTH
Dicranota (Dicranota),B4W_4205798,226860,NBNSYS0100011345,F,08/11/1989,08/11/1989,D,67859,397500,410300,397500,410300,OSGB,100,Environment Agency,BIOSYS,F,F,NBNSYS0100045286,NORTH WEST - SOUTH
Dicranota (Dicranota),B4W_4751587,227049,NBNSYS0100011345,F,17/11/1989,17/11/1989,D,68452,368300,387200,368300,387200,OSGB,100,Environment Agency,BIOSYS,F,F,NBNSYS0100045286,NORTH WEST - SOUTH
Dicranota (Dicranota),B4W_4206732,227342,NBNSYS0100011345,F,04/12/1989,04/12/1989,D,67393,373300,415200,373300,415200,OSGB,100,Environment Agency,BIOSYS,F,F,NBNSYS0100045286,NORTH WEST - SOUTH
Dicranota (Dicranota),B4W_4206780,227374,NBNSYS0100011345,F,04/12/1989,04/12/1989,D,67789,400175,385913,400100,385900,OSGB,100,Environment Agency,BIOSYS,F,F,NBNSYS0100045286,NORTH WEST - SOUTH
Dicranota (Dicranota),B4W_4756625,227376,NBNSYS0100011345,F,04/12/1989,04/12/1989,D,68894,369144,415527,369100,415500,OSGB,100,Environment Agency,BIOSYS,F,F,NBNSYS0100045286,NORTH WEST - SOUTH
Dicranota (Dicranota),B4W_4206800,227383,NBNSYS0100011345,F,04/12/1989,04/12/1989,D,68779,367739,415813,367700,415800,OSGB,100,Environment Agency,BIOSYS,F,F,NBNSYS0100045286,NORTH WEST - SOUTH
Dicranota (Dicranota),B4W_4206838,227418,NBNSYS0100011345,F,05/12/1989,05/12/1989,D,68260,405700,381700,405700,381700,OSGB,100,Environment Agency,BIOSYS,F,F,NBNSYS0100045286,NORTH WEST - SOUTH
Dicranota (Dicranota),B4W_4206846,227431,NBNSYS0100011345,F,05/12/1989,05/12/1989,D,67027,401000,380500,401000,380500,OSGB,100,Environment Agency,BIOSYS,F,F,NBNSYS0100045286,NORTH WEST - SOUTH
Dicranota (Dicranota),B4W_4206854,227437,NBNSYS0100011345,F,05/12/1989,05/12/1989,D,67785,401143,380597,401100,380500,OSGB,100,Environment Agency,BIOSYS,F,F,NBNSYS0100045286,NORTH WEST - SOUTH
Dicranota (Dicranota),B4W_4206869,227452,NBNSYS0100011345,F,05/12/1989,05/12/1989,D,68257,405900,379300,405900,379300,OSGB,100,Environment Agency,BIOSYS,F,F,NBNSYS0100045286,NORTH WEST - SOUTH
Dicranota (Dicranota),B4W_4756653,227787,NBNSYS0100011345,F,16/02/1990,16/02/1990,D,66978,397300,410400,397300,410400,OSGB,100,Environment Agency,BIOSYS,F,F,NBNSYS0100045286,NORTH WEST - SOUTH
Dicranota (Dicranota),B4W_4207035,227837,NBNSYS0100011345,F,19/02/1990,19/02/1990,D,65826,326400,386900,326400,386900,OSGB,100,Environment Agency,BIOSYS,F,F,NBNSYS0100045286,NORTH WEST - SOUTH
Dicranota (Dicranota),B4W_4207052,227859,NBNSYS0100011345,F,21/02/1990,21/02/1990,D,68431,392100,408700,392100,408700,OSGB,100,Environment Agency,BIOSYS,F,F,NBNSYS0100045286,NORTH WEST - SOUTH
Dicranota (Dicranota),B4W_4207101,227929,NBNSYS0100011345,F,22/02/1990,22/02/1990,D,65625,351800,356800,351800,356800,OSGB,100,Environment Agency,BIOSYS,F,F,NBNSYS0100045286,NORTH WEST - SOUTH
Dicranota (Dicranota),B4W_4207264,228151,NBNSYS0100011345,F,12/03/1990,12/03/1990,D,64831,383000,356900,383000,356900,OSGB,100,Environment Agency,BIOSYS,F,F,NBNSYS0100045286,NORTH WEST - SOUTH
Dicranota (Dicranota),B4W_4756676,228216,NBNSYS0100011345,F,13/03/1990,13/03/1990,D,68330,400100,366400,400100,366400,OSGB,100,Environment Agency,BIOSYS,F,F,NBNSYS0100045286,NORTH WEST - SOUTH
Dicranota (Dicranota),B4W_4207287,228198,NBNSYS0100011345,F,12/03/1990,12/03/1990,D,68456,373386,366594,373300,366500,OSGB,100,Environment Agency,BIOSYS,F,F,NBNSYS0100045286,NORTH WEST - SOUTH
Dicranota (Dicranota),B4W_4207321,228224,NBNSYS0100011345,F,13/03/1990,13/03/1990,D,66933,393100,363600,393100,363600,OSGB,100,Environment Agency,BIOSYS,F,F,NBNSYS0100045286,NORTH WEST - SOUTH
Dicranota (Dicranota),B4W_4756679,228226,NBNSYS0100011345,F,13/03/1990,13/03/1990,D,68667,392200,364700,392200,364700,OSGB,100,Environment Agency,BIOSYS,F,F,NBNSYS0100045286,NORTH WEST - SOUTH
Dicranota (Dicranota),B4W_4207332,228231,NBNSYS0100011345,F,13/03/1990,13/03/1990,D,67240,389200,365800,389200,365800,OSGB,100,Environment Agency,BIOSYS,F,F,NBNSYS0100045286,NORTH WEST - SOUTH
Dicranota (Dicranota),B4W_4207347,228237,NBNSYS0100011345,F,13/03/1990,13/03/1990,D,66828,384900,363700,384900,363700,OSGB,100,Environment Agency,BIOSYS,F,F,NBNSYS0100045286,NORTH WEST - SOUTH
Dicranota (Dicranota),B4W_4207352,228239,NBNSYS0100011345,F,14/03/1990,14/03/1990,D,69243,385400,368300,385400,368300,OSGB,100,Environment Agency,BIOSYS,F,F,NBNSYS0100045286,NORTH WEST - SOUTH
Nemoura,B4W_4207396,228316,NBNSYS0000042301,F,15/03/1990,15/03/1990,D,68322,361200,403600,361200,403600,OSGB,100,Environment Agency,BIOSYS,F,F,NBNSYS0100049579,NORTH WEST - SOUTH
Dicranota (Dicranota),B4W_4207399,228317,NBNSYS0100011345,F,15/03/1990,15/03/1990,D,67513,393800,416300,393800,416300,OSGB,100,Environment Agency,BIOSYS,F,F,NBNSYS0100045286,NORTH WEST - SOUTH
Dicranota (Dicranota),B4W_4207606,228510,NBNSYS0100011345,F,22/03/1990,22/03/1990,D,67601,398450,407954,398400,407900,OSGB,100,Environment Agency,BIOSYS,F,F,NBNSYS0100045286,NORTH WEST - SOUTH
Dicranota (Dicranota),B4W_4207495,228493,NBNSYS0100011345,F,22/03/1990,22/03/1990,D,67859,397500,410300,397500,410300,OSGB,100,Environment Agency,BIOSYS,F,F,NBNSYS0100045286,NORTH WEST - SOUTH
Dicranota (Dicranota),B4W_4207505,228496,NBNSYS0100011345,F,22/03/1990,22/03/1990,D,67478,397500,410300,397500,410300,OSGB,100,Environment Agency,BIOSYS,F,F,NBNSYS0100045286,NORTH WEST - SOUTH
Nemoura,B4W_4207504,228496,NBNSYS0000042301,F,22/03/1990,22/03/1990,D,67478,397500,410300,397500,410300,OSGB,100,Environment Agency,BIOSYS,F,F,NBNSYS0100049579,NORTH WEST - SOUTH
Dicranota (Dicranota),B4W_4208901,228930,NBNSYS0100011345,F,25/04/1990,25/04/1990,D,65538,372426,352433,372400,352400,OSGB,100,Environment Agency,BIOSYS,F,F,NBNSYS0100045286,NORTH WEST - SOUTH
Dicranota (Dicranota),B4W_4208923,228934,NBNSYS0100011345,F,25/04/1990,25/04/1990,D,68929,374088,353778,374000,353700,OSGB,100,Environment Agency,BIOSYS,F,F,NBNSYS0100045286,NORTH WEST - SOUTH
Dicranota (Dicranota),B4W_4209495,229112,NBNSYS0100011345,F,03/05/1990,03/05/1990,D,66860,394400,417500,394400,417500,OSGB,100,Environment Agency,BIOSYS,F,F,NBNSYS0100045286,NORTH WEST - SOUTH
Dicranota (Dicranota),B4W_4209496,229113,NBNSYS0100011345,F,03/05/1990,03/05/1990,D,66976,394342,417239,394300,417200,OSGB,100,Environment Agency,BIOSYS,F,F,NBNSYS0100045286,NORTH WEST - SOUTH
Nemoura,B4W_4209572,229224,NBNSYS0000042301,F,09/05/1990,09/05/1990,D,66175,385400,415100,385400,415100,OSGB,100,Environment Agency,BIOSYS,F,F,NBNSYS0100049579,NORTH WEST - SOUTH
Nemoura,B4W_4209576,229226,NBNSYS0000042301,F,09/05/1990,09/05/1990,D,67693,385528,414155,385500,414100,OSGB,100,Environment Agency,BIOSYS,F,F,NBNSYS0100049579,NORTH WEST - SOUTH
Dicranota (Dicranota),B4W_4209604,229253,NBNSYS0100011345,F,10/05/1990,10/05/1990,D,69341,394175,402311,394100,402300,OSGB,100,Environment Agency,BIOSYS,F,F,NBNSYS0100045286,NORTH WEST - SOUTH
Dicranota (Dicranota),B4W_4750959,229493,NBNSYS0100011345,F,22/05/1990,22/05/1990,D,68291,384200,425700,384200,425700,OSGB,100,Environment Agency,BIOSYS,F,F,NBNSYS0100045286,NORTH WEST - SOUTH
Nemoura,B4W_4261263,229520,NBNSYS0000042301,F,22/05/1990,22/05/1990,D,67829,377700,421200,377700,421200,OSGB,100,Environment Agency,BIOSYS,F,F,NBNSYS0100049579,NORTH WEST - SOUTH
Dicranota (Dicranota),B4W_4261402,229568,NBNSYS0100011345,F,23/05/1990,23/05/1990,D,65614,377400,413800,377400,413800,OSGB,100,Environment Agency,BIOSYS,F,F,NBNSYS0100045286,NORTH WEST - SOUTH
Dicranota (Dicranota),B4W_4261706,229662,NBNSYS0100011345,F,30/05/1990,30/05/1990,D,68215,401000,381100,401000,381100,OSGB,100,Environment Agency,BIOSYS,F,F,NBNSYS0100045286,NORTH WEST - SOUTH
Dicranota (Dicranota),B4W_4261978,229758,NBNSYS0100011345,F,11/06/1990,11/06/1990,D,67382,365900,384000,365900,384000,OSGB,100,Environment Agency,BIOSYS,F,F,NBNSYS0100045286,NORTH WEST - SOUTH
Dicranota (Dicranota),B4W_4751634,230022,NBNSYS0100011345,F,06/07/1990,06/07/1990,D,68370,376402,353924,376400,353900,OSGB,100,Environment Agency,BIOSYS,F,F,NBNSYS0100045286,NORTH WEST - SOUTH
Dicranota (Dicranota),B4W_4262244,230042,NBNSYS0100011345,F,10/07/1990,10/07/1990,D,68364,381850,374123,381800,374100,OSGB,100,Environment Agency,BIOSYS,F,F,NBNSYS0100045286,NORTH WEST - SOUTH
Dicranota (Dicranota),B4W_4262247,230045,NBNSYS0100011345,F,10/07/1990,10/07/1990,D,68317,381888,373923,381800,373900,OSGB,100,Environment Agency,BIOSYS,F,F,NBNSYS0100045286,NORTH WEST - SOUTH
Dicranota (Dicranota),B4W_4262288,230071,NBNSYS0100011345,F,10/07/1990,10/07/1990,D,67216,371923,372977,371900,372900,OSGB,100,Environment Agency,BIOSYS,F,F,NBNSYS0100045286,NORTH WEST - SOUTH
Dicranota (Dicranota),B4W_4262254,230048,NBNSYS0100011345,F,10/07/1990,10/07/1990,D,65949,383500,373100,383500,373100,OSGB,100,Environment Agency,BIOSYS,F,F,NBNSYS0100045286,NORTH WEST - SOUTH
Dicranota (Dicranota),B4W_4262272,230063,NBNSYS0100011345,F,10/07/1990,10/07/1990,D,68662,375500,372800,375500,372800,OSGB,100,Environment Agency,BIOSYS,F,F,NBNSYS0100045286,NORTH WEST - SOUTH
Dicranota (Dicranota),B4W_4262301,230087,NBNSYS0100011345,F,11/07/1990,11/07/1990,D,67166,364966,376168,364900,376100,OSGB,100,Environment Agency,BIOSYS,F,F,NBNSYS0100045286,NORTH WEST - SOUTH
Dicranota (Dicranota),B4W_4262331,230125,NBNSYS0100011345,F,12/07/1990,12/07/1990,D,67253,350046,366644,350000,366600,OSGB,100,Environment Agency,BIOSYS,F,F,NBNSYS0100045286,NORTH WEST - SOUTH
Dicranota (Dicranota),B4W_4262337,230134,NBNSYS0100011345,F,12/07/1990,12/07/1990,D,66940,350053,361605,350000,361600,OSGB,100,Environment Agency,BIOSYS,F,F,NBNSYS0100045286,NORTH WEST - SOUTH
Dicranota (Dicranota),B4W_4262385,230156,NBNSYS0100011345,F,13/07/1990,13/07/1990,D,68812,394100,377900,394100,377900,OSGB,100,Environment Agency,BIOSYS,F,F,NBNSYS0100045286,NORTH WEST - SOUTH
Dicranota (Dicranota),B4W_4262359,230144,NBNSYS0100011345,F,13/07/1990,13/07/1990,D,69412,394402,376489,394400,376400,OSGB,100,Environment Agency,BIOSYS,F,F,NBNSYS0100045286,NORTH WEST - SOUTH
Dicranota (Dicranota),B4W_4262374,230152,NBNSYS0100011345,F,13/07/1990,13/07/1990,D,67743,394500,378500,394500,378500,OSGB,100,Environment Agency,BIOSYS,F,F,NBNSYS0100045286,NORTH WEST - SOUTH
Dicranota (Dicranota),B4W_4262381,230154,NBNSYS0100011345,F,13/07/1990,13/07/1990,D,68671,348082,374066,348000,374000,OSGB,100,Environment Agency,BIOSYS,F,F,NBNSYS0100045286,NORTH WEST - SOUTH
Dicranota (Dicranota),B4W_4262412,230192,NBNSYS0100011345,F,13/07/1990,13/07/1990,D,68147,389968,381229,389900,381200,OSGB,100,Environment Agency,BIOSYS,F,F,NBNSYS0100045286,NORTH WEST - SOUTH
Dicranota (Dicranota),B4W_4262955,230331,NBNSYS0100011345,F,30/07/1990,30/07/1990,D,64831,383000,356900,383000,356900,OSGB,100,Environment Agency,BIOSYS,F,F,NBNSYS0100045286,NORTH WEST - SOUTH
Dicranota (Dicranota),B4W_4263261,230406,NBNSYS0100011345,F,31/07/1990,31/07/1990,D,69545,379521,366632,379500,366600,OSGB,100,Environment Agency,BIOSYS,F,F,NBNSYS0100045286,NORTH WEST - SOUTH
Dicranota (Dicranota),B4W_4263310,230415,NBNSYS0100011345,F,31/07/1990,31/07/1990,D,67393,373300,415200,373300,415200,OSGB,100,Environment Agency,BIOSYS,F,F,NBNSYS0100045286,NORTH WEST - SOUTH
Dicranota (Dicranota),B4W_4263580,230474,NBNSYS0100011345,F,01/08/1990,01/08/1990,D,64883,397006,367236,397000,367200,OSGB,100,Environment Agency,BIOSYS,F,F,NBNSYS0100045286,NORTH WEST - SOUTH
Dicranota (Dicranota),B4W_4757169,230478,NBNSYS0100011345,F,01/08/1990,01/08/1990,D,66765,396400,365100,396400,365100,OSGB,100,Environment Agency,BIOSYS,F,F,NBNSYS0100045286,NORTH WEST - SOUTH
Dicranota (Dicranota),B4W_4263592,230480,NBNSYS0100011345,F,01/08/1990,01/08/1990,D,68346,396340,364077,396300,364000,OSGB,100,Environment Agency,BIOSYS,F,F,NBNSYS0100045286,NORTH WEST - SOUTH
Dicranota (Dicranota),B4W_4263613,230486,NBNSYS0100011345,F,01/08/1990,01/08/1990,D,68350,392800,363300,392800,363300,OSGB,100,Environment Agency,BIOSYS,F,F,NBNSYS0100045286,NORTH WEST - SOUTH
Dicranota (Dicranota),B4W_4263627,230490,NBNSYS0100011345,F,01/08/1990,01/08/1990,D,68667,392200,364700,392200,364700,OSGB,100,Environment Agency,BIOSYS,F,F,NBNSYS0100045286,NORTH WEST - SOUTH
Dicranota (Dicranota),B4W_4263633,230495,NBNSYS0100011345,F,01/08/1990,01/08/1990,D,68352,389305,366183,389300,366100,OSGB,100,Environment Agency,BIOSYS,F,F,NBNSYS0100045286,NORTH WEST - SOUTH
Dicranota (Dicranota),B4W_4263655,230545,NBNSYS0100011345,F,06/08/1990,06/08/1990,D,67130,394071,371673,394000,371600,OSGB,100,Environment Agency,BIOSYS,F,F,NBNSYS0100045286,NORTH WEST - SOUTH
Dicranota (Dicranota),B4W_4263742,230595,NBNSYS0100011345,F,07/08/1990,07/08/1990,D,67780,401300,396400,401300,396400,OSGB,100,Environment Agency,BIOSYS,F,F,NBNSYS0100045286,NORTH WEST - SOUTH
Dicranota (Dicranota),B4W_4263815,230644,NBNSYS0100011345,F,07/08/1990,07/08/1990,D,66542,375332,384059,375300,384000,OSGB,100,Environment Agency,BIOSYS,F,F,NBNSYS0100045286,NORTH WEST - SOUTH
Dicranota (Dicranota),B4W_4263832,230663,NBNSYS0100011345,F,09/08/1990,09/08/1990,D,67478,397500,410300,397500,410300,OSGB,100,Environment Agency,BIOSYS,F,F,NBNSYS0100045286,NORTH WEST - SOUTH
Dicranota (Dicranota),B4W_4757187,230668,NBNSYS0100011345,F,09/08/1990,09/08/1990,D,67171,399200,409000,399200,409000,OSGB,100,Environment Agency,BIOSYS,F,F,NBNSYS0100045286,NORTH WEST - SOUTH
Dicranota (Dicranota),B4W_4263894,230713,NBNSYS0100011345,F,10/08/1990,10/08/1990,D,67825,391900,405500,391900,405500,OSGB,100,Environment Agency,BIOSYS,F,F,NBNSYS0100045286,NORTH WEST - SOUTH
Dicranota (Dicranota),B4W_4264744,230992,NBNSYS0100011345,F,06/09/1990,06/09/1990,D,66818,391952,408654,391900,408600,OSGB,100,Environment Agency,BIOSYS,F,F,NBNSYS0100045286,NORTH WEST - SOUTH
Dicranota (Dicranota),B4W_4264740,230987,NBNSYS0100011345,F,06/09/1990,06/09/1990,D,68431,392100,408700,392100,408700,OSGB,100,Environment Agency,BIOSYS,F,F,NBNSYS0100045286,NORTH WEST - SOUTH
Dicranota (Dicranota),B4W_4264869,231127,NBNSYS0100011345,F,17/09/1990,17/09/1990,D,69395,356800,359400,356800,359400,OSGB,100,Environment Agency,BIOSYS,F,F,NBNSYS0100045286,NORTH WEST - SOUTH
Dicranota (Dicranota),B4W_4264968,231207,NBNSYS0100011345,F,18/09/1990,18/09/1990,D,68700,406000,381000,406000,381000,OSGB,100,Environment Agency,BIOSYS,F,F,NBNSYS0100045286,NORTH WEST - SOUTH
Dicranota (Dicranota),B4W_4264993,231218,NBNSYS0100011345,F,18/09/1990,18/09/1990,D,67854,405000,387000,405000,387000,OSGB,100,Environment Agency,BIOSYS,F,F,NBNSYS0100045286,NORTH WEST - SOUTH
Dicranota (Dicranota),B4W_4264999,231221,NBNSYS0100011345,F,18/09/1990,18/09/1990,D,67855,402900,387200,402900,387200,OSGB,100,Environment Agency,BIOSYS,F,F,NBNSYS0100045286,NORTH WEST - SOUTH
Dicranota (Dicranota),B4W_4265010,231227,NBNSYS0100011345,F,18/09/1990,18/09/1990,D,67853,400805,386884,400800,386800,OSGB,100,Environment Agency,BIOSYS,F,F,NBNSYS0100045286,NORTH WEST - SOUTH
Asellus aquaticus,B4W_4265020,231246,NBNSYS0000008589,F,24/09/1990,24/09/1990,D,68727,324700,388000,324700,388000,OSGB,100,Environment Agency,BIOSYS,F,F,NBNSYS0100042296,NORTH WEST - SOUTH
Asellus aquaticus,B4W_4265062,231261,NBNSYS0000008589,F,24/09/1990,24/09/1990,D,69498,334397,383182,334300,383100,OSGB,100,Environment Agency,BIOSYS,F,F,NBNSYS0100042296,NORTH WEST - SOUTH
Asellus aquaticus,B4W_4265071,231264,NBNSYS0000008589,F,24/09/1990,24/09/1990,D,67440,333076,381279,333000,381200,OSGB,100,Environment Agency,BIOSYS,F,F,NBNSYS0100042296,NORTH WEST - SOUTH
Dicranota (Dicranota),B4W_4265072,231264,NBNSYS0100011345,F,24/09/1990,24/09/1990,D,67440,333076,381279,333000,381200,OSGB,100,Environment Agency,BIOSYS,F,F,NBNSYS0100045286,NORTH WEST - SOUTH
Asellus aquaticus,B4W_4265079,231265,NBNSYS0000008589,F,24/09/1990,24/09/1990,D,67439,333794,380661,333700,380600,OSGB,100,Environment Agency,BIOSYS,F,F,NBNSYS0100042296,NORTH WEST - SOUTH
Asellus aquaticus,B4W_4757323,231267,NBNSYS0000008589,F,24/09/1990,24/09/1990,D,68854,334600,379500,334600,379500,OSGB,100,Environment Agency,BIOSYS,F,F,NBNSYS0100042296,NORTH WEST - SOUTH
Asellus aquaticus,B4W_4750410,231270,NBNSYS0000008589,F,24/09/1990,24/09/1990,D,65839,335400,378500,335400,378500,OSGB,100,Environment Agency,BIOSYS,F,F,NBNSYS0100042296,NORTH WEST - SOUTH
Asellus aquaticus,B4W_4757325,231280,NBNSYS0000008589,F,25/09/1990,25/09/1990,D,68073,337700,374700,337700,374700,OSGB,100,Environment Agency,BIOSYS,F,F,NBNSYS0100042296,NORTH WEST - SOUTH
Dicranota (Dicranota),B4W_4265344,231323,NBNSYS0100011345,F,26/09/1990,26/09/1990,D,68139,383596,423275,383500,423200,OSGB,100,Environment Agency,BIOSYS,F,F,NBNSYS0100045286,NORTH WEST - SOUTH
Asellus aquaticus,B4W_4265128,231285,NBNSYS0000008589,F,25/09/1990,25/09/1990,D,69198,329100,385200,329100,385200,OSGB,100,Environment Agency,BIOSYS,F,F,NBNSYS0100042296,NORTH WEST - SOUTH
Dicranota (Dicranota),B4W_4265219,231300,NBNSYS0100011345,F,26/09/1990,26/09/1990,D,66783,387000,424600,387000,424600,OSGB,100,Environment Agency,BIOSYS,F,F,NBNSYS0100045286,NORTH WEST - SOUTH
Dicranota (Dicranota),B4W_4265242,231304,NBNSYS0100011345,F,26/09/1990,26/09/1990,D,66891,387500,423300,387500,423300,OSGB,100,Environment Agency,BIOSYS,F,F,NBNSYS0100045286,NORTH WEST - SOUTH
Asellus aquaticus,B4W_4265849,231518,NBNSYS0000008589,F,04/10/1990,04/10/1990,D,67579,390685,413722,390600,413700,OSGB,100,Environment Agency,BIOSYS,F,F,NBNSYS0100042296,NORTH WEST - SOUTH
Asellus aquaticus,B4W_4265859,231526,NBNSYS0000008589,F,04/10/1990,04/10/1990,D,68414,389100,413300,389100,413300,OSGB,100,Environment Agency,BIOSYS,F,F,NBNSYS0100042296,NORTH WEST - SOUTH
Asellus aquaticus,B4W_4265893,231563,NBNSYS0000008589,F,04/10/1990,04/10/1990,D,68216,388300,418000,388300,418000,OSGB,100,Environment Agency,BIOSYS,F,F,NBNSYS0100042296,NORTH WEST - SOUTH
Asellus aquaticus,B4W_4265873,231544,NBNSYS0000008589,F,04/10/1990,04/10/1990,D,67734,393928,411386,393900,411300,OSGB,100,Environment Agency,BIOSYS,F,F,NBNSYS0100042296,NORTH WEST - SOUTH
Dicranota (Dicranota),B4W_4265924,231595,NBNSYS0100011345,F,09/10/1990,09/10/1990,D,67693,385528,414155,385500,414100,OSGB,100,Environment Agency,BIOSYS,F,F,NBNSYS0100045286,NORTH WEST - SOUTH
Asellus aquaticus,B4W_4265960,231623,NBNSYS0000008589,F,09/10/1990,09/10/1990,D,69398,380637,407607,380600,407600,OSGB,100,Environment Agency,BIOSYS,F,F,NBNSYS0100042296,NORTH WEST - SOUTH
Asellus aquaticus,B4W_4265968,231631,NBNSYS0000008589,F,09/10/1990,09/10/1990,D,67419,382600,408000,382600,408000,OSGB,100,Environment Agency,BIOSYS,F,F,NBNSYS0100042296,NORTH WEST - SOUTH
Asellus aquaticus,B4W_4266077,231720,NBNSYS0000008589,F,12/10/1990,12/10/1990,D,68316,376418,353953,376400,353900,OSGB,100,Environment Agency,BIOSYS,F,F,NBNSYS0100042296,NORTH WEST - SOUTH
Asellus aquaticus,B4W_4266099,231740,NBNSYS0000008589,F,13/10/1990,13/10/1990,D,68331,365000,403100,365000,403100,OSGB,100,Environment Agency,BIOSYS,F,F,NBNSYS0100042296,NORTH WEST - SOUTH
Asellus aquaticus,B4W_4266104,231745,NBNSYS0000008589,F,13/10/1990,13/10/1990,D,65847,365820,403658,365800,403600,OSGB,100,Environment Agency,BIOSYS,F,F,NBNSYS0100042296,NORTH WEST - SOUTH
Asellus aquaticus,B4W_4266112,231750,NBNSYS0000008589,F,13/10/1990,13/10/1990,D,68847,365000,400800,365000,400800,OSGB,100,Environment Agency,BIOSYS,F,F,NBNSYS0100042296,NORTH WEST - SOUTH
Asellus aquaticus,B4W_4266210,231905,NBNSYS0000008589,F,18/10/1990,18/10/1990,D,65655,396613,390686,396600,390600,OSGB,100,Environment Agency,BIOSYS,F,F,NBNSYS0100042296,NORTH WEST - SOUTH
Asellus aquaticus,B4W_4266283,231941,NBNSYS0000008589,F,20/10/1990,20/10/1990,D,64098,365572,399204,365500,399200,OSGB,100,Environment Agency,BIOSYS,F,F,NBNSYS0100042296,NORTH WEST - SOUTH
Asellus aquaticus,B4W_4757433,231948,NBNSYS0000008589,F,20/10/1990,20/10/1990,D,65782,372100,400700,372100,400700,OSGB,100,Environment Agency,BIOSYS,F,F,NBNSYS0100042296,NORTH WEST - SOUTH
Dicranota (Dicranota),B4W_4266762,232003,NBNSYS0100011345,F,24/10/1990,24/10/1990,D,66765,396400,365100,396400,365100,OSGB,100,Environment Agency,BIOSYS,F,F,NBNSYS0100045286,NORTH WEST - SOUTH
Dicranota (Dicranota),B4W_4267665,232399,NBNSYS0100011345,F,13/11/1990,13/11/1990,D,67656,395057,417308,395000,417300,OSGB,100,Environment Agency,BIOSYS,F,F,NBNSYS0100045286,NORTH WEST - SOUTH
Asellus aquaticus,B4W_4757561,232408,NBNSYS0000008589,F,13/11/1990,13/11/1990,D,67337,391400,414900,391400,414900,OSGB,100,Environment Agency,BIOSYS,F,F,NBNSYS0100042296,NORTH WEST - SOUTH
Dicranota (Dicranota),B4W_4267684,232411,NBNSYS0100011345,F,13/11/1990,13/11/1990,D,67855,402900,387200,402900,387200,OSGB,100,Environment Agency,BIOSYS,F,F,NBNSYS0100045286,NORTH WEST - SOUTH
Asellus aquaticus,B4W_4267692,232420,NBNSYS0000008589,F,13/11/1990,13/11/1990,D,67579,390685,413722,390600,413700,OSGB,100,Environment Agency,BIOSYS,F,F,NBNSYS0100042296,NORTH WEST - SOUTH
Asellus aquaticus,B4W_4267696,232428,NBNSYS0000008589,F,13/11/1990,13/11/1990,D,69443,388256,412741,388200,412700,OSGB,100,Environment Agency,BIOSYS,F,F,NBNSYS0100042296,NORTH WEST - SOUTH
Asellus aquaticus,B4W_4267700,232434,NBNSYS0000008589,F,13/11/1990,13/11/1990,D,68036,386155,411333,386100,411300,OSGB,100,Environment Agency,BIOSYS,F,F,NBNSYS0100042296,NORTH WEST - SOUTH
Dicranota (Dicranota),B4W_4267706,232447,NBNSYS0100011345,F,14/11/1990,14/11/1990,D,66783,387000,424600,387000,424600,OSGB,100,Environment Agency,BIOSYS,F,F,NBNSYS0100045286,NORTH WEST - SOUTH
Asellus aquaticus,B4W_4267723,232460,NBNSYS0000008589,F,14/11/1990,14/11/1990,D,68038,388878,413307,388800,413300,OSGB,100,Environment Agency,BIOSYS,F,F,NBNSYS0100042296,NORTH WEST - SOUTH
Dicranota (Dicranota),B4W_4267744,232480,NBNSYS0100011345,F,14/11/1990,14/11/1990,D,65634,402331,380073,402300,380000,OSGB,100,Environment Agency,BIOSYS,F,F,NBNSYS0100045286,NORTH WEST - SOUTH
Dicranota (Dicranota),B4W_4267788,232514,NBNSYS0100011345,F,14/11/1990,14/11/1990,D,67426,385374,412326,385300,412300,OSGB,100,Environment Agency,BIOSYS,F,F,NBNSYS0100045286,NORTH WEST - SOUTH
Asellus aquaticus,B4W_4267827,232547,NBNSYS0000008589,F,15/11/1990,15/11/1990,D,68035,381203,408437,381200,408400,OSGB,100,Environment Agency,BIOSYS,F,F,NBNSYS0100042296,NORTH WEST - SOUTH
Asellus aquaticus,B4W_4268801,232774,NBNSYS0000008589,F,03/12/1990,03/12/1990,D,65799,378100,415200,378100,415200,OSGB,100,Environment Agency,BIOSYS,F,F,NBNSYS0100042296,NORTH WEST - SOUTH
Dicranota (Dicranota),B4W_4268814,232789,NBNSYS0100011345,F,04/12/1990,04/12/1990,D,69546,378700,424400,378700,424400,OSGB,100,Environment Agency,BIOSYS,F,F,NBNSYS0100045286,NORTH WEST - SOUTH
Dicranota (Dicranota),B4W_4268841,232916,NBNSYS0100011345,F,17/01/1991,17/01/1991,D,66978,397300,410400,397300,410400,OSGB,100,Environment Agency,BIOSYS,F,F,NBNSYS0100045286,NORTH WEST - SOUTH
Asellus aquaticus,B4W_5572075,232891,NBNSYS0000008589,F,20/12/1990,20/12/1990,D,63514,364700,397300,364700,397300,OSGB,100,Environment Agency,BIOSYS,F,F,NBNSYS0100042296,NORTH WEST - SOUTH
Dicranota (Dicranota),B4W_4268862,232926,NBNSYS0100011345,F,17/01/1991,17/01/1991,D,65913,398500,407100,398500,407100,OSGB,100,Environment Agency,BIOSYS,F,F,NBNSYS0100045286,NORTH WEST - SOUTH
Atherix,B4W_6863058,424533,NBNSYS0000042243,F,01/04/2005,01/04/2005,D,65509,329134,489001,329100,489000,OSGB,100,Environment Agency,BIOSYS,F,F,NBNSYS0100042343,NORTH WEST - NORTH
Polycelis nigra,B4W_6862965,424536,NBNSYS0000013181,F,31/05/2005,31/05/2005,D,79603,497300,330600,497300,330600,OSGB,100,Environment Agency,BIOSYS,F,F,NBNSYS0100051323,ANGLIAN - NORTHERN
Asellus aquaticus,B4W_6863100,424539,NBNSYS0000008589,F,31/05/2005,31/05/2005,D,55554,499800,323400,499800,323400,OSGB,100,Environment Agency,BIOSYS,F,F,NBNSYS0100042296,ANGLIAN - NORTHERN
Hydraena,B4W_6863107,424539,NBNSYS0000042276,F,31/05/2005,31/05/2005,D,55554,499800,323400,499800,323400,OSGB,100,Environment Agency,BIOSYS,F,F,NBNSYS0100047352,ANGLIAN - NORTHERN
Polycelis nigra,B4W_6863094,424539,NBNSYS0000013181,F,31/05/2005,31/05/2005,D,55554,499800,323400,499800,323400,OSGB,100,Environment Agency,BIOSYS,F,F,NBNSYS0100051323,ANGLIAN - NORTHERN
Theromyzon tessulatum,B4W_6863098,424539,NHMSYS0000068877,F,31/05/2005,31/05/2005,D,55554,499800,323400,499800,323400,OSGB,100,Environment Agency,BIOSYS,F,F,NBNSYS0100053946,ANGLIAN - NORTHERN
Navicula lanceolata,B4W_6863351,424562,NBNSYS0100013476,F,27/08/2003,27/08/2003,D,44349,454133,115950,454100,115900,OSGB,100,Environment Agency,BIOSYS,F,F,NBNSYS0100049331,SOUTHERN - SOLENT & S. DOWNS
Alboglossiphonia heteroclita,B4W_259358,5732,NHMSYS0000068872,F,04/10/1996,04/10/1996,D,153,463302,460990,463300,460900,OSGB,100,Environment Agency,BIOSYS,F,F,NBNSYS0100046636,NORTH EAST - YORKSHIRE
Diploneis,B4W_6862766,424526,NHMSYS0000547839,F,21/10/2004,21/10/2004,D,110242,454690,132380,454600,132300,OSGB,100,Environment Agency,BIOSYS,F,F,NBNSYS0100045367,SOUTHERN - SOLENT & S. DOWNS
Diploneis,B4W_6862988,424534,NHMSYS0000547839,F,21/10/2004,21/10/2004,D,110245,445760,120630,445700,120600,OSGB,100,Environment Agency,BIOSYS,F,F,NBNSYS0100045367,SOUTHERN - SOLENT & S. DOWNS
Navicula capitatoradiata,B4W_6863361,424562,NBNSYS0100013355,F,27/08/2003,27/08/2003,D,44349,454133,115950,454100,115900,OSGB,100,Environment Agency,BIOSYS,F,F,NBNSYS0100049211,SOUTHERN - SOLENT & S. DOWNS
Fragilaria capucina,B4W_6862775,424526,NBNSYS0100012004,F,21/10/2004,21/10/2004,D,110242,454690,132380,454600,132300,OSGB,100,Environment Agency,BIOSYS,F,F,NBNSYS0100046435,SOUTHERN - SOLENT & S. DOWNS
Fragilaria capucina,B4W_6863337,424562,NBNSYS0100012004,F,27/08/2003,27/08/2003,D,44349,454133,115950,454100,115900,OSGB,100,Environment Agency,BIOSYS,F,F,NBNSYS0100046435,SOUTHERN - SOLENT & S. DOWNS
Staurosirella pinnata,B4W_6862758,424526,NBNSYS0100015839,F,21/10/2004,21/10/2004,D,110242,454690,132380,454600,132300,OSGB,100,Environment Agency,BIOSYS,F,F,NBNSYS0100053295,SOUTHERN - SOLENT & S. DOWNS
Staurosirella pinnata,B4W_6862979,424534,NBNSYS0100015839,F,21/10/2004,21/10/2004,D,110245,445760,120630,445700,120600,OSGB,100,Environment Agency,BIOSYS,F,F,NBNSYS0100053295,SOUTHERN - SOLENT & S. DOWNS
Staurosirella pinnata,B4W_6863161,424540,NBNSYS0100015839,F,07/07/2003,07/07/2003,D,92698,438300,139300,438300,139300,OSGB,100,Environment Agency,BIOSYS,F,F,NBNSYS0100053295,SOUTHERN - SOLENT & S. DOWNS
Encyonema minutum,B4W_6862982,424534,NBNSYS0100011530,F,21/10/2004,21/10/2004,D,110245,445760,120630,445700,120600,OSGB,100,Environment Agency,BIOSYS,F,F,NBNSYS0100045694,SOUTHERN - SOLENT & S. DOWNS
Navicula lanceolata,B4W_6863160,424540,NBNSYS0100013476,F,07/07/2003,07/07/2003,D,92698,438300,139300,438300,139300,OSGB,100,Environment Agency,BIOSYS,F,F,NBNSYS0100049331,SOUTHERN - SOLENT & S. DOWNS
Enteromorpha,B4W_6863116,424539,NBNSYS0000175140,F,31/05/2005,31/05/2005,D,55554,499800,323400,499800,323400,OSGB,100,Environment Agency,BIOSYS,F,F,NBNSYS0100045732,ANGLIAN - NORTHERN
Planothidium lanceolatum,B4W_6863354,424562,NBNSYS0100014625,F,27/08/2003,27/08/2003,D,44349,454133,115950,454100,115900,OSGB,100,Environment Agency,BIOSYS,F,F,NBNSYS0100051134,SOUTHERN - SOLENT & S. DOWNS
Planothidium lanceolatum,B4W_6862767,424526,NBNSYS0100014625,F,21/10/2004,21/10/2004,D,110242,454690,132380,454600,132300,OSGB,100,Environment Agency,BIOSYS,F,F,NBNSYS0100051134,SOUTHERN - SOLENT & S. DOWNS
Planothidium lanceolatum,B4W_6862978,424534,NBNSYS0100014625,F,21/10/2004,21/10/2004,D,110245,445760,120630,445700,120600,OSGB,100,Environment Agency,BIOSYS,F,F,NBNSYS0100051134,SOUTHERN - SOLENT & S. DOWNS
Planothidium lanceolatum,B4W_6863166,424540,NBNSYS0100014625,F,07/07/2003,07/07/2003,D,92698,438300,139300,438300,139300,OSGB,100,Environment Agency,BIOSYS,F,F,NBNSYS0100051134,SOUTHERN - SOLENT & S. DOWNS
Staurosirella pinnata,B4W_6863356,424562,NBNSYS0100015839,F,27/08/2003,27/08/2003,D,44349,454133,115950,454100,115900,OSGB,100,Environment Agency,BIOSYS,F,F,NBNSYS0100053295,SOUTHERN - SOLENT & S. DOWNS
Encyonema minutum,B4W_6863680,424566,NBNSYS0100011530,F,27/08/2003,27/08/2003,D,43125,451817,114371,451800,114300,OSGB,100,Environment Agency,BIOSYS,F,F,NBNSYS0100045694,SOUTHERN - SOLENT & S. DOWNS
Fragilaria capucina,B4W_6863677,424566,NBNSYS0100012004,F,27/08/2003,27/08/2003,D,43125,451817,114371,451800,114300,OSGB,100,Environment Agency,BIOSYS,F,F,NBNSYS0100046435,SOUTHERN - SOLENT & S. DOWNS
Navicula capitatoradiata,B4W_6863682,424566,NBNSYS0100013355,F,27/08/2003,27/08/2003,D,43125,451817,114371,451800,114300,OSGB,100,Environment Agency,BIOSYS,F,F,NBNSYS0100049211,SOUTHERN - SOLENT & S. DOWNS
Navicula lanceolata,B4W_6863672,424566,NBNSYS0100013476,F,27/08/2003,27/08/2003,D,43125,451817,114371,451800,114300,OSGB,100,Environment Agency,BIOSYS,F,F,NBNSYS0100049331,SOUTHERN - SOLENT & S. DOWNS
Planothidium lanceolatum,B4W_6863664,424566,NBNSYS0100014625,F,27/08/2003,27/08/2003,D,43125,451817,114371,451800,114300,OSGB,100,Environment Agency,BIOSYS,F,F,NBNSYS0100051134,SOUTHERN - SOLENT & S. DOWNS
Callitriche,B4W_6863576,424567,NBNSYS0000003615,F,21/04/2005,21/04/2005,D,43435,608971,154941,608900,154900,OSGB,100,Environment Agency,BIOSYS,F,F,NBNSYS0100042860,SOUTHERN - KENT & E. SUSSEX
Cottus gobio,B4W_6863570,424567,NBNSYS0000005049,F,21/04/2005,21/04/2005,D,43435,608971,154941,608900,154900,OSGB,100,Environment Agency,BIOSYS,F,T,NBNSYS0100044560,SOUTHERN - KENT & E. SUSSEX
Iris pseudacorus,B4W_6863571,424567,NBNSYS0000002269,F,21/04/2005,21/04/2005,D,43435,608971,154941,608900,154900,OSGB,100,Environment Agency,BIOSYS,F,F,NBNSYS0100047652,SOUTHERN - KENT & E. SUSSEX
Zannichellia palustris,B4W_6863574,424567,NBNSYS0000002150,F,21/04/2005,21/04/2005,D,43435,608971,154941,608900,154900,OSGB,100,Environment Agency,BIOSYS,F,F,NBNSYS0100054608,SOUTHERN - KENT & E. SUSSEX
Asellus aquaticus,B4W_6863628,424570,NBNSYS0000008589,F,18/06/2003,18/06/2003,D,43698,575890,147790,575800,147700,OSGB,100,Environment Agency,BIOSYS,F,F,NBNSYS0100042296,SOUTHERN - KENT & E. SUSSEX
Dugesia,B4W_6863603,424570,NBNSYS0000188430,F,18/06/2003,18/06/2003,D,43698,575890,147790,575800,147700,OSGB,100,Environment Agency,BIOSYS,F,F,NBNSYS0100045541,SOUTHERN - KENT & E. SUSSEX
Asellus aquaticus,B4W_6863840,424577,NBNSYS0000008589,F,31/05/2005,31/05/2005,D,55176,498100,416800,498100,416800,OSGB,100,Environment Agency,BIOSYS,F,F,NBNSYS0100042296,ANGLIAN - NORTHERN
Fragilaria capucina,B4W_6864050,424585,NBNSYS0100012004,F,28/07/2004,28/07/2004,D,43125,451817,114371,451800,114300,OSGB,100,Environment Agency,BIOSYS,F,F,NBNSYS0100046435,SOUTHERN - SOLENT & S. DOWNS
Navicula lanceolata,B4W_6864072,424585,NBNSYS0100013476,F,28/07/2004,28/07/2004,D,43125,451817,114371,451800,114300,OSGB,100,Environment Agency,BIOSYS,F,F,NBNSYS0100049331,SOUTHERN - SOLENT & S. DOWNS
Planothidium lanceolatum,B4W_6864041,424585,NBNSYS0100014625,F,28/07/2004,28/07/2004,D,43125,451817,114371,451800,114300,OSGB,100,Environment Agency,BIOSYS,F,F,NBNSYS0100051134,SOUTHERN - SOLENT & S. DOWNS
Staurosirella pinnata,B4W_6864065,424585,NBNSYS0100015839,F,28/07/2004,28/07/2004,D,43125,451817,114371,451800,114300,OSGB,100,Environment Agency,BIOSYS,F,F,NBNSYS0100053295,SOUTHERN - SOLENT & S. DOWNS
Culicoides,B4W_6864925,424658,NBNSYS0000132121,F,11/05/2005,11/05/2005,D,109501,498091,119094,498000,119000,OSGB,100,Environment Agency,BIOSYS,F,F,NBNSYS0100044700,SOUTHERN - SOLENT & S. DOWNS
Baetis vernus,B4W_6864914,424658,NBNSYS0000010871,F,11/05/2005,11/05/2005,D,109501,498091,119094,498000,119000,OSGB,100,Environment Agency,BIOSYS,F,F,NBNSYS0100042493,SOUTHERN - SOLENT & S. DOWNS
Serratella ignita,B4W_6864915,424658,NBNSYS0100005496,F,11/05/2005,11/05/2005,D,109501,498091,119094,498000,119000,OSGB,100,Environment Agency,BIOSYS,F,F,NBNSYS0100045764,SOUTHERN - SOLENT & S. DOWNS
Hydropsyche,B4W_6864919,424658,NBNSYS0000042279,F,11/05/2005,11/05/2005,D,109501,498091,119094,498000,119000,OSGB,100,Environment Agency,BIOSYS,F,F,NBNSYS0100047477,SOUTHERN - SOLENT & S. DOWNS
Simulium,B4W_6864927,424658,NBNSYS0000137777,F,11/05/2005,11/05/2005,D,109501,498091,119094,498000,119000,OSGB,100,Environment Agency,BIOSYS,F,F,NBNSYS0100052558,SOUTHERN - SOLENT & S. DOWNS
Asellus aquaticus,B4W_6968692,424618,NBNSYS0000008589,F,10/04/2003,10/04/2003,D,85966,382200,104500,382200,104500,OSGB,100,Environment Agency,BIOSYS,F,F,NBNSYS0100042296,SOUTH WEST - SOUTH WESSEX
Limnephilus lunatus,B4W_6968204,424618,NBNSYS0000008483,F,10/04/2003,10/04/2003,D,85966,382200,104500,382200,104500,OSGB,100,Environment Agency,BIOSYS,F,F,NBNSYS0100048132,SOUTH WEST - SOUTH WESSEX
Trocheta subviridis,B4W_6968616,424618,NBNSYS0000022376,F,10/04/2003,10/04/2003,D,85966,382200,104500,382200,104500,OSGB,100,Environment Agency,BIOSYS,F,F,NBNSYS0100054292,SOUTH WEST - SOUTH WESSEX
Iris pseudacorus,B4W_6864544,424621,NBNSYS0000002269,F,21/04/2005,21/04/2005,D,43417,604890,146950,604800,146900,OSGB,100,Environment Agency,BIOSYS,F,F,NBNSYS0100047652,SOUTHERN - KENT & E. SUSSEX
Asellus aquaticus,B4W_6864867,424653,NBNSYS0000008589,F,11/05/2005,11/05/2005,D,109516,498271,119183,498200,119100,OSGB,100,Environment Agency,BIOSYS,F,F,NBNSYS0100042296,SOUTHERN - SOLENT & S. DOWNS
Baetis vernus,B4W_6864871,424653,NBNSYS0000010871,F,11/05/2005,11/05/2005,D,109516,498271,119183,498200,119100,OSGB,100,Environment Agency,BIOSYS,F,F,NBNSYS0100042493,SOUTHERN - SOLENT & S. DOWNS
Culicoides,B4W_6864882,424653,NBNSYS0000132121,F,11/05/2005,11/05/2005,D,109516,498271,119183,498200,119100,OSGB,100,Environment Agency,BIOSYS,F,F,NBNSYS0100044700,SOUTHERN - SOLENT & S. DOWNS
Serratella ignita,B4W_6864872,424653,NBNSYS0100005496,F,11/05/2005,11/05/2005,D,109516,498271,119183,498200,119100,OSGB,100,Environment Agency,BIOSYS,F,F,NBNSYS0100045764,SOUTHERN - SOLENT & S. DOWNS
Simulium,B4W_6864881,424653,NBNSYS0000137777,F,11/05/2005,11/05/2005,D,109516,498271,119183,498200,119100,OSGB,100,Environment Agency,BIOSYS,F,F,NBNSYS0100052558,SOUTHERN - SOLENT & S. DOWNS
Asellus aquaticus,B4W_6864888,424656,NBNSYS0000008589,F,11/05/2005,11/05/2005,D,109507,498216,119161,498200,119100,OSGB,100,Environment Agency,BIOSYS,F,F,NBNSYS0100042296,SOUTHERN - SOLENT & S. DOWNS
Athripsodes cinereus,B4W_6864896,424656,NBNSYS0000008514,F,11/05/2005,11/05/2005,D,109507,498216,119161,498200,119100,OSGB,100,Environment Agency,BIOSYS,F,F,NBNSYS0100042351,SOUTHERN - SOLENT & S. DOWNS
Baetis vernus,B4W_6864892,424656,NBNSYS0000010871,F,11/05/2005,11/05/2005,D,109507,498216,119161,498200,119100,OSGB,100,Environment Agency,BIOSYS,F,F,NBNSYS0100042493,SOUTHERN - SOLENT & S. DOWNS
Culicoides,B4W_6864900,424656,NBNSYS0000132121,F,11/05/2005,11/05/2005,D,109507,498216,119161,498200,119100,OSGB,100,Environment Agency,BIOSYS,F,F,NBNSYS0100044700,SOUTHERN - SOLENT & S. DOWNS
Serratella ignita,B4W_6864893,424656,NBNSYS0100005496,F,11/05/2005,11/05/2005,D,109507,498216,119161,498200,119100,OSGB,100,Environment Agency,BIOSYS,F,F,NBNSYS0100045764,SOUTHERN - SOLENT & S. DOWNS
Simulium,B4W_6864901,424656,NBNSYS0000137777,F,11/05/2005,11/05/2005,D,109507,498216,119161,498200,119100,OSGB,100,Environment Agency,BIOSYS,F,F,NBNSYS0100052558,SOUTHERN - SOLENT & S. DOWNS
Asellus aquaticus,B4W_6864948,424659,NBNSYS0000008589,F,11/05/2005,11/05/2005,D,109502,498290,119181,498200,119100,OSGB,100,Environment Agency,BIOSYS,F,F,NBNSYS0100042296,SOUTHERN - SOLENT & S. DOWNS
Athripsodes cinereus,B4W_6864957,424659,NBNSYS0000008514,F,11/05/2005,11/05/2005,D,109502,498290,119181,498200,119100,OSGB,100,Environment Agency,BIOSYS,F,F,NBNSYS0100042351,SOUTHERN - SOLENT & S. DOWNS
Baetis vernus,B4W_6864951,424659,NBNSYS0000010871,F,11/05/2005,11/05/2005,D,109502,498290,119181,498200,119100,OSGB,100,Environment Agency,BIOSYS,F,F,NBNSYS0100042493,SOUTHERN - SOLENT & S. DOWNS
Serratella ignita,B4W_6864952,424659,NBNSYS0100005496,F,11/05/2005,11/05/2005,D,109502,498290,119181,498200,119100,OSGB,100,Environment Agency,BIOSYS,F,F,NBNSYS0100045764,SOUTHERN - SOLENT & S. DOWNS
Simulium,B4W_6864960,424659,NBNSYS0000137777,F,11/05/2005,11/05/2005,D,109502,498290,119181,498200,119100,OSGB,100,Environment Agency,BIOSYS,F,F,NBNSYS0100052558,SOUTHERN - SOLENT & S. DOWNS
Serratella ignita,B4W_6865324,424664,NBNSYS0100005496,F,08/06/2005,08/06/2005,D,65126,351920,559173,351900,559100,OSGB,100,Environment Agency,BIOSYS,F,F,NBNSYS0100045764,NORTH WEST - NORTH
Hydropsyche,B4W_6865333,424664,NBNSYS0000042279,F,08/06/2005,08/06/2005,D,65126,351920,559173,351900,559100,OSGB,100,Environment Agency,BIOSYS,F,F,NBNSYS0100047477,NORTH WEST - NORTH
Callitriche,B4W_6865134,424666,NBNSYS0000003615,F,09/05/2005,09/05/2005,D,43115,432060,098320,432000,098300,OSGB,100,Environment Agency,BIOSYS,F,F,NBNSYS0100042860,SOUTHERN - SOLENT & S. DOWNS
Ranunculus,B4W_6865139,424666,NBNSYS0000039978,F,09/05/2005,09/05/2005,D,43115,432060,098320,432000,098300,OSGB,100,Environment Agency,BIOSYS,F,F,NBNSYS0100051923,SOUTHERN - SOLENT & S. DOWNS
Navicula lanceolata,B4W_6865234,424670,NBNSYS0100013476,F,15/06/2005,15/06/2005,D,43072,579740,137080,579700,137000,OSGB,100,Environment Agency,BIOSYS,F,F,NBNSYS0100049331,SOUTHERN - KENT & E. SUSSEX
Planothidium lanceolatum,B4W_6865239,424670,NBNSYS0100014625,F,15/06/2005,15/06/2005,D,43072,579740,137080,579700,137000,OSGB,100,Environment Agency,BIOSYS,F,F,NBNSYS0100051134,SOUTHERN - KENT & E. SUSSEX
Asellus aquaticus,B4W_6865657,424700,NBNSYS0000008589,F,27/05/2005,27/05/2005,D,55026,504900,381500,504900,381500,OSGB,100,Environment Agency,BIOSYS,F,F,NBNSYS0100042296,ANGLIAN - NORTHERN
Batrachospermum,B4W_6865671,424700,NBNSYS0100009656,F,27/05/2005,27/05/2005,D,55026,504900,381500,504900,381500,OSGB,100,Environment Agency,BIOSYS,F,F,NBNSYS0100042541,ANGLIAN - NORTHERN
Callitriche,B4W_6865673,424700,NBNSYS0000003615,F,27/05/2005,27/05/2005,D,55026,504900,381500,504900,381500,OSGB,100,Environment Agency,BIOSYS,F,F,NBNSYS0100042860,ANGLIAN - NORTHERN
Hydropsyche angustipennis,B4W_6865665,424700,NBNSYS0000008413,F,27/05/2005,27/05/2005,D,55026,504900,381500,504900,381500,OSGB,100,Environment Agency,BIOSYS,F,F,NBNSYS0100047478,ANGLIAN - NORTHERN
Polycelis nigra,B4W_6865642,424700,NBNSYS0000013181,F,27/05/2005,27/05/2005,D,55026,504900,381500,504900,381500,OSGB,100,Environment Agency,BIOSYS,F,F,NBNSYS0100051323,ANGLIAN - NORTHERN
Fragilaria capucina,B4W_6865435,424682,NBNSYS0100012004,F,15/06/2005,15/06/2005,D,42139,573240,145900,573200,145900,OSGB,100,Environment Agency,BIOSYS,F,F,NBNSYS0100046435,SOUTHERN - KENT & E. SUSSEX
Navicula capitatoradiata,B4W_6865441,424682,NBNSYS0100013355,F,15/06/2005,15/06/2005,D,42139,573240,145900,573200,145900,OSGB,100,Environment Agency,BIOSYS,F,F,NBNSYS0100049211,SOUTHERN - KENT & E. SUSSEX
Navicula lanceolata,B4W_6865444,424682,NBNSYS0100013476,F,15/06/2005,15/06/2005,D,42139,573240,145900,573200,145900,OSGB,100,Environment Agency,BIOSYS,F,F,NBNSYS0100049331,SOUTHERN - KENT & E. SUSSEX
Asellus aquaticus,B4W_6865518,424685,NBNSYS0000008589,F,03/05/2005,03/05/2005,D,55288,532740,387590,532700,387500,OSGB,100,Environment Agency,BIOSYS,F,F,NBNSYS0100042296,ANGLIAN - NORTHERN
Serratella ignita,B4W_6865521,424685,NBNSYS0100005496,F,03/05/2005,03/05/2005,D,55288,532740,387590,532700,387500,OSGB,100,Environment Agency,BIOSYS,F,F,NBNSYS0100045764,ANGLIAN - NORTHERN
Polycelis nigra,B4W_6865505,424685,NBNSYS0000013181,F,03/05/2005,03/05/2005,D,55288,532740,387590,532700,387500,OSGB,100,Environment Agency,BIOSYS,F,F,NBNSYS0100051323,ANGLIAN - NORTHERN
Simulium,B4W_6865532,424685,NBNSYS0000137777,F,03/05/2005,03/05/2005,D,55288,532740,387590,532700,387500,OSGB,100,Environment Agency,BIOSYS,F,F,NBNSYS0100052558,ANGLIAN - NORTHERN
Trocheta subviridis,B4W_6865516,424685,NBNSYS0000022376,F,03/05/2005,03/05/2005,D,55288,532740,387590,532700,387500,OSGB,100,Environment Agency,BIOSYS,F,F,NBNSYS0100054292,ANGLIAN - NORTHERN
Asellus aquaticus,B4W_6865558,424686,NBNSYS0000008589,F,03/05/2005,03/05/2005,D,55194,535000,388900,535000,388900,OSGB,100,Environment Agency,BIOSYS,F,F,NBNSYS0100042296,ANGLIAN - NORTHERN
Batrachospermum,B4W_6865584,424686,NBNSYS0100009656,F,03/05/2005,03/05/2005,D,55194,535000,388900,535000,388900,OSGB,100,Environment Agency,BIOSYS,F,F,NBNSYS0100042541,ANGLIAN - NORTHERN
Cottus gobio,B4W_6865590,424686,NBNSYS0000005049,F,03/05/2005,03/05/2005,D,55194,535000,388900,535000,388900,OSGB,100,Environment Agency,BIOSYS,F,T,NBNSYS0100044560,ANGLIAN - NORTHERN
Limnephilus lunatus,B4W_6865574,424686,NBNSYS0000008483,F,03/05/2005,03/05/2005,D,55194,535000,388900,535000,388900,OSGB,100,Environment Agency,BIOSYS,F,F,NBNSYS0100048132,ANGLIAN - NORTHERN
Polycelis nigra,B4W_6865541,424686,NBNSYS0000013181,F,03/05/2005,03/05/2005,D,55194,535000,388900,535000,388900,OSGB,100,Environment Agency,BIOSYS,F,F,NBNSYS0100051323,ANGLIAN - NORTHERN
Ranunculus,B4W_6865588,424686,NBNSYS0000039978,F,03/05/2005,03/05/2005,D,55194,535000,388900,535000,388900,OSGB,100,Environment Agency,BIOSYS,F,F,NBNSYS0100051923,ANGLIAN - NORTHERN
Simulium,B4W_6865579,424686,NBNSYS0000137777,F,03/05/2005,03/05/2005,D,55194,535000,388900,535000,388900,OSGB,100,Environment Agency,BIOSYS,F,F,NBNSYS0100052558,ANGLIAN - NORTHERN
Dicranota (Dicranota),B4W_6866939,424807,NBNSYS0100011345,F,13/05/2005,13/05/2005,D,65346,355352,563229,355300,563200,OSGB,100,Environment Agency,BIOSYS,F,F,NBNSYS0100045286,NORTH WEST - NORTH
Callitriche,B4W_6866540,424779,NBNSYS0000003615,F,19/05/2005,19/05/2005,D,42068,438410,104660,438400,104600,OSGB,100,Environment Agency,BIOSYS,F,F,NBNSYS0100042860,SOUTHERN - SOLENT & S. DOWNS
Cottus gobio,B4W_6866545,424779,NBNSYS0000005049,F,19/05/2005,19/05/2005,D,42068,438410,104660,438400,104600,OSGB,100,Environment Agency,BIOSYS,F,T,NBNSYS0100044560,SOUTHERN - SOLENT & S. DOWNS
Ranunculus,B4W_6866542,424779,NBNSYS0000039978,F,19/05/2005,19/05/2005,D,42068,438410,104660,438400,104600,OSGB,100,Environment Agency,BIOSYS,F,F,NBNSYS0100051923,SOUTHERN - SOLENT & S. DOWNS
Agabus didymus,B4W_6866603,424780,NBNSYS0000007593,F,03/05/2005,03/05/2005,D,55195,536500,390800,536500,390800,OSGB,100,Environment Agency,BIOSYS,F,F,NBNSYS0100041764,ANGLIAN - NORTHERN
Asellus aquaticus,B4W_6866599,424780,NBNSYS0000008589,F,03/05/2005,03/05/2005,D,55195,536500,390800,536500,390800,OSGB,100,Environment Agency,BIOSYS,F,F,NBNSYS0100042296,ANGLIAN - NORTHERN
Batrachospermum,B4W_6866609,424780,NBNSYS0100009656,F,03/05/2005,03/05/2005,D,55195,536500,390800,536500,390800,OSGB,100,Environment Agency,BIOSYS,F,F,NBNSYS0100042541,ANGLIAN - NORTHERN
Alboglossiphonia heteroclita,B4W_6866596,424780,NHMSYS0000068872,F,03/05/2005,03/05/2005,D,55195,536500,390800,536500,390800,OSGB,100,Environment Agency,BIOSYS,F,F,NBNSYS0100046636,ANGLIAN - NORTHERN
Polycelis nigra,B4W_6866578,424780,NBNSYS0000013181,F,03/05/2005,03/05/2005,D,55195,536500,390800,536500,390800,OSGB,100,Environment Agency,BIOSYS,F,F,NBNSYS0100051323,ANGLIAN - NORTHERN
Ranunculus,B4W_6866616,424780,NBNSYS0000039978,F,03/05/2005,03/05/2005,D,55195,536500,390800,536500,390800,OSGB,100,Environment Agency,BIOSYS,F,F,NBNSYS0100051923,ANGLIAN - NORTHERN
Hantzschia,B4W_6866645,424798,NHMSYS0000547915,F,15/06/2005,15/06/2005,D,42417,582590,144330,582500,144300,OSGB,100,Environment Agency,BIOSYS,F,F,NBNSYS0100047046,SOUTHERN - KENT & E. SUSSEX
Navicula capitatoradiata,B4W_6866648,424798,NBNSYS0100013355,F,15/06/2005,15/06/2005,D,42417,582590,144330,582500,144300,OSGB,100,Environment Agency,BIOSYS,F,F,NBNSYS0100049211,SOUTHERN - KENT & E. SUSSEX
Navicula lanceolata,B4W_6866651,424798,NBNSYS0100013476,F,15/06/2005,15/06/2005,D,42417,582590,144330,582500,144300,OSGB,100,Environment Agency,BIOSYS,F,F,NBNSYS0100049331,SOUTHERN - KENT & E. SUSSEX
Callitriche,B4W_6867132,424840,NBNSYS0000003615,F,04/05/2005,04/05/2005,D,42173,538770,145060,538700,145000,OSGB,100,Environment Agency,BIOSYS,F,F,NBNSYS0100042860,SOUTHERN - KENT & E. SUSSEX
Diploneis,B4W_6867156,424842,NHMSYS0000547839,F,15/06/2005,15/06/2005,D,42373,583540,140400,583500,140400,OSGB,100,Environment Agency,BIOSYS,F,F,NBNSYS0100045367,SOUTHERN - KENT & E. SUSSEX
Hantzschia,B4W_6867160,424842,NHMSYS0000547915,F,15/06/2005,15/06/2005,D,42373,583540,140400,583500,140400,OSGB,100,Environment Agency,BIOSYS,F,F,NBNSYS0100047046,SOUTHERN - KENT & E. SUSSEX
Navicula capitatoradiata,B4W_6867163,424842,NBNSYS0100013355,F,15/06/2005,15/06/2005,D,42373,583540,140400,583500,140400,OSGB,100,Environment Agency,BIOSYS,F,F,NBNSYS0100049211,SOUTHERN - KENT & E. SUSSEX
Navicula lanceolata,B4W_6867165,424842,NBNSYS0100013476,F,15/06/2005,15/06/2005,D,42373,583540,140400,583500,140400,OSGB,100,Environment Agency,BIOSYS,F,F,NBNSYS0100049331,SOUTHERN - KENT & E. SUSSEX
Callitriche,B4W_6867409,424858,NBNSYS0000003615,F,01/06/2005,01/06/2005,D,43191,594450,145930,594400,145900,OSGB,100,Environment Agency,BIOSYS,F,F,NBNSYS0100042860,SOUTHERN - KENT & E. SUSSEX
Agapetus fuscipes,B4W_6867870,424891,NBNSYS0000008347,F,16/05/2005,16/05/2005,D,55274,516800,391800,516800,391800,OSGB,100,Environment Agency,BIOSYS,F,F,NBNSYS0100041778,ANGLIAN - NORTHERN
Batrachospermum,B4W_6867888,424891,NBNSYS0100009656,F,16/05/2005,16/05/2005,D,55274,516800,391800,516800,391800,OSGB,100,Environment Agency,BIOSYS,F,F,NBNSYS0100042541,ANGLIAN - NORTHERN
Cottus gobio,B4W_6867893,424891,NBNSYS0000005049,F,16/05/2005,16/05/2005,D,55274,516800,391800,516800,391800,OSGB,100,Environment Agency,BIOSYS,F,T,NBNSYS0100044560,ANGLIAN - NORTHERN
Elodes,B4W_6867869,424891,NBNSYS0000132774,F,16/05/2005,16/05/2005,D,55274,516800,391800,516800,391800,OSGB,100,Environment Agency,BIOSYS,F,F,NBNSYS0100045642,ANGLIAN - NORTHERN
Serratella ignita,B4W_6867861,424891,NBNSYS0100005496,F,16/05/2005,16/05/2005,D,55274,516800,391800,516800,391800,OSGB,100,Environment Agency,BIOSYS,F,F,NBNSYS0100045764,ANGLIAN - NORTHERN
Eloeophila,B4W_6867879,424891,NHMSYS0000078883,F,16/05/2005,16/05/2005,D,55274,516800,391800,516800,391800,OSGB,100,Environment Agency,BIOSYS,F,F,NBNSYS0100048188,ANGLIAN - NORTHERN
Simulium,B4W_6867880,424891,NBNSYS0000137777,F,16/05/2005,16/05/2005,D,55274,516800,391800,516800,391800,OSGB,100,Environment Agency,BIOSYS,F,F,NBNSYS0100052558,ANGLIAN - NORTHERN
Fragilaria capucina,B4W_6867960,424894,NBNSYS0100012004,F,15/06/2005,15/06/2005,D,93141,570600,149600,570600,149600,OSGB,100,Environment Agency,BIOSYS,F,F,NBNSYS0100046435,SOUTHERN - KENT & E. SUSSEX
Hantzschia,B4W_6867964,424894,NHMSYS0000547915,F,15/06/2005,15/06/2005,D,93141,570600,149600,570600,149600,OSGB,100,Environment Agency,BIOSYS,F,F,NBNSYS0100047046,SOUTHERN - KENT & E. SUSSEX
Navicula capitatoradiata,B4W_6867967,424894,NBNSYS0100013355,F,15/06/2005,15/06/2005,D,93141,570600,149600,570600,149600,OSGB,100,Environment Agency,BIOSYS,F,F,NBNSYS0100049211,SOUTHERN - KENT & E. SUSSEX
Navicula lanceolata,B4W_6867970,424894,NBNSYS0100013476,F,15/06/2005,15/06/2005,D,93141,570600,149600,570600,149600,OSGB,100,Environment Agency,BIOSYS,F,F,NBNSYS0100049331,SOUTHERN - KENT & E. SUSSEX
Hydropsyche angustipennis,B4W_6868000,424895,NBNSYS0000008413,F,16/05/2005,16/05/2005,D,55277,508300,389400,508300,389400,OSGB,100,Environment Agency,BIOSYS,F,F,NBNSYS0100047478,ANGLIAN - NORTHERN
Limnephilus lunatus,B4W_6868003,424895,NBNSYS0000008483,F,16/05/2005,16/05/2005,D,55277,508300,389400,508300,389400,OSGB,100,Environment Agency,BIOSYS,F,F,NBNSYS0100048132,ANGLIAN - NORTHERN
Simulium,B4W_6868005,424895,NBNSYS0000137777,F,16/05/2005,16/05/2005,D,55277,508300,389400,508300,389400,OSGB,100,Environment Agency,BIOSYS,F,F,NBNSYS0100052558,ANGLIAN - NORTHERN
Asellus aquaticus,B4W_6868337,424901,NBNSYS0000008589,F,16/05/2005,16/05/2005,D,54998,503200,387300,503200,387300,OSGB,100,Environment Agency,BIOSYS,F,F,NBNSYS0100042296,ANGLIAN - NORTHERN
Limnephilus lunatus,B4W_6868346,424901,NBNSYS0000008483,F,16/05/2005,16/05/2005,D,54998,503200,387300,503200,387300,OSGB,100,Environment Agency,BIOSYS,F,F,NBNSYS0100048132,ANGLIAN - NORTHERN
Dugesia,B4W_6868809,424939,NBNSYS0000188430,F,11/03/2005,11/03/2005,D,51296,452438,359818,452400,359800,OSGB,100,Environment Agency,BIOSYS,F,F,NBNSYS0100045541,MIDLANDS - EAST
Ablabesmyia monilis,B4W_6868907,424942,NBNSYS0000027318,F,26/05/2004,26/05/2004,D,110521,357400,367700,357400,367700,OSGB,100,Environment Agency,BIOSYS,F,F,NBNSYS0100041468,NORTH WEST - SOUTH
Cryptochironomus psittacinus,B4W_6869067,424950,NBNSYS0000027579,F,25/05/2004,25/05/2004,D,91784,497911,118002,497900,118000,OSGB,100,Environment Agency,BIOSYS,F,F,NBNSYS0100044666,SOUTHERN - SOLENT & S. DOWNS
Athripsodes cinereus,B4W_6869450,424967,NBNSYS0000008514,F,23/05/2005,23/05/2005,D,55564,510600,314900,510600,314900,OSGB,100,Environment Agency,BIOSYS,F,F,NBNSYS0100042351,ANGLIAN - NORTHERN
Asellus aquaticus,B4W_6869434,424967,NBNSYS0000008589,F,23/05/2005,23/05/2005,D,55564,510600,314900,510600,314900,OSGB,100,Environment Agency,BIOSYS,F,F,NBNSYS0100042296,ANGLIAN - NORTHERN
Serratella ignita,B4W_6869437,424967,NBNSYS0100005496,F,23/05/2005,23/05/2005,D,55564,510600,314900,510600,314900,OSGB,100,Environment Agency,BIOSYS,F,F,NBNSYS0100045764,ANGLIAN - NORTHERN
Limnephilus lunatus,B4W_6869449,424967,NBNSYS0000008483,F,23/05/2005,23/05/2005,D,55564,510600,314900,510600,314900,OSGB,100,Environment Agency,BIOSYS,F,F,NBNSYS0100048132,ANGLIAN - NORTHERN
Polycelis nigra,B4W_6869401,424967,NBNSYS0000013181,F,23/05/2005,23/05/2005,D,55564,510600,314900,510600,314900,OSGB,100,Environment Agency,BIOSYS,F,F,NBNSYS0100051323,ANGLIAN - NORTHERN
Ranunculus,B4W_6869457,424967,NBNSYS0000039978,F,23/05/2005,23/05/2005,D,55564,510600,314900,510600,314900,OSGB,100,Environment Agency,BIOSYS,F,F,NBNSYS0100051923,ANGLIAN - NORTHERN
Ablabesmyia monilis,B4W_6869274,424959,NBNSYS0000027318,F,11/08/2004,11/08/2004,D,91804,436650,101420,436600,101400,OSGB,100,Environment Agency,BIOSYS,F,F,NBNSYS0100041468,SOUTHERN - SOLENT & S. DOWNS
Filipendula ulmaria,B4W_6869385,424965,NBNSYS0000003316,F,27/06/2005,27/06/2005,D,93147,624230,162880,624200,162800,OSGB,100,Environment Agency,BIOSYS,F,F,NBNSYS0100046349,SOUTHERN - KENT & E. SUSSEX
Iris pseudacorus,B4W_6869375,424965,NBNSYS0000002269,F,27/06/2005,27/06/2005,D,93147,624230,162880,624200,162800,OSGB,100,Environment Agency,BIOSYS,F,F,NBNSYS0100047652,SOUTHERN - KENT & E. SUSSEX
Filipendula ulmaria,B4W_6869392,424966,NBNSYS0000003316,F,27/06/2005,27/06/2005,D,42507,625270,164000,625200,164000,OSGB,100,Environment Agency,BIOSYS,F,F,NBNSYS0100046349,SOUTHERN - KENT & E. SUSSEX
